,Adolescent fertility rate (women aged 15-19 years),,,,,,,,,,,,,,,,,,,,,,"GII: Gender Inequality Index, value",,,,,,,,,,,,,,,,,,,,,,"Labour force participation rate, female-male ratio",,,,,,,,,,,,,,,,,,,,,,"Population with at least secondary education, female/male ratio",,,,,,,,,,,,,,,,,,,,,,Maternal mortality ratio,,,,,,,,,,,,,,,,,,,,,,"Shares in parliament, female-male ratio",,,,,,,,,,,,,,,,,,,,,
,1980,,1985,,1990,,1995,,2000,,2005,,2006,,2007,,2008,,2009,,2011,,1980,,1985,,1990,,1995,,2000,,2005,,2006,,2007,,2008,a,2009,,2011,,1980,,1985,,1990,,1995,,2000,,2005,,2006,,2007,,2008,,2009,,2011,,1980,,1985,,1990,,1995,,2000,,2005,,2006,,2007,,2008,,2009,,2011,,1980,,1985,,1990,,1995,,2000,,2005,,2006,,2007,,2008,,2009,,2011,,1980,,1985,,1990,,1995,,2000,,2005,,2006,,2007,,2008,,2009,,2011,
Country,"(births per 1,000 women aged 15-19)",,"(births per 1,000 women aged 15-19)",,"(births per 1,000 women aged 15-19)",,"(births per 1,000 women aged 15-19)",,"(births per 1,000 women aged 15-19)",,"(births per 1,000 women aged 15-19)",,"(births per 1,000 women aged 15-19)",,"(births per 1,000 women aged 15-19)",,"(births per 1,000 women aged 15-19)",,"(births per 1,000 women aged 15-19)",,"(births per 1,000 women aged 15-19)",,,,,,,,,,,,,,,,,,,,,,,,(Ratio of female to male shares),,(Ratio of female to male shares),,(Ratio of female to male shares),,(Ratio of female to male shares),,(Ratio of female to male shares),,(Ratio of female to male shares),,(Ratio of female to male shares),,(Ratio of female to male shares),,(Ratio of female to male shares),,(Ratio of female to male shares),,(Ratio of female to male shares),,(Ratio of female to male rates),,(Ratio of female to male rates),,(Ratio of female to male rates),,(Ratio of female to male rates),,(Ratio of female to male rates),,(Ratio of female to male rates),,(Ratio of female to male rates),,(Ratio of female to male rates),,(Ratio of female to male rates),,(Ratio of female to male rates),,(Ratio of female to male rates),,"(deaths of women per100,000 live births)",,"(deaths of women per100,000 live births)",,"(deaths of women per100,000 live births)",,"(deaths of women per100,000 live births)",,"(deaths of women per100,000 live births)",,"(deaths of women per100,000 live births)",,"(deaths of women per100,000 live births)",,"(deaths of women per100,000 live births)",,"(deaths of women per100,000 live births)",,"(deaths of women per100,000 live births)",,"(deaths of women per100,000 live births)",,,,,,,,,,,,,,,,,,,,,,,
Afghanistan,..,,..,,..,,..,,212.4,,161.2,,..,,..,,121.3,,..,,121.3,,..,,..,,..,,..,,..,,0.709,,..,,..,,..,,..,,0.707,,0.408,,0.396,,0.386,,0.376,,0.371,,0.379,,0.382,,0.386,,0.390,,0.392,,..,,0.127,,0.131,,0.151,,0.215,,0.253,,0.275,,..,,..,,..,,..,,..,,..,,..,,"1,700",,"1,800",,"1,800",,"1,500",,..,,..,,"1,400",,..,,..,,..,,..,,..,,..,,..,,0.350,,..,,..,,0.349,,0.350,,0.382,
Albania,..,,..,,..,,..,,11.8,,17.4,,..,,..,,14.2,,..,,14.2,,..,,..,,..,,0.606,,..,,0.333,,..,,..,,..,,..,,0.271,,0.697,,0.697,,0.690,,0.681,,0.689,,0.693,,0.693,,0.694,,0.694,,0.700,,..,,0.755,,0.798,,0.845,,0.877,,0.882,,0.916,,..,,..,,..,,..,,..,,..,,..,,48,,44,,41,,34,,..,,..,,31,,..,,..,,..,,..,,..,,..,,..,,0.077,,..,,..,,0.077,,0.197,,0.197,
Algeria,..,,..,,..,,..,,11.8,,8.5,,..,,..,,7.3,,..,,7.3,,..,,..,,..,,0.462,,0.520,,0.457,,..,,..,,..,,..,,0.412,,0.274,,0.276,,0.304,,0.340,,0.396,,0.437,,0.446,,0.453,,0.458,,0.467,,..,,0.357,,0.385,,0.459,,0.523,,0.577,,0.643,,..,,..,,..,,..,,..,,..,,..,,250,,180,,140,,120,,..,,..,,120,,..,,..,,..,,..,,..,,..,,0.042,,0.055,,..,,..,,0.069,,0.076,,0.076,
Andorra,..,,..,,..,,..,,8.0,,9.5,,..,,..,,..,,..,,..,,..,,..,,..,,..,,..,,..,,..,,..,,..,,..,,..,,..,,..,,..,,..,,..,,..,,..,,..,,..,,..,,..,,..,,..,,..,,..,,0.998,,..,,..,,..,,..,,..,,..,,..,,..,,..,,..,,..,,..,,..,,..,,..,,..,,..,,..,,..,,..,,..,,..,,0.400,,..,,..,,0.333,,0.555,,0.556,
Angola,..,,..,,..,,..,,215.1,,201.0,,..,,..,,123.7,,..,,123.7,,..,,..,,..,,..,,..,,..,,..,,..,,..,,..,,..,,0.832,,0.829,,0.821,,0.829,,0.833,,0.836,,0.836,,0.837,,0.839,,0.842,,..,,..,,..,,..,,..,,..,,..,,..,,..,,..,,..,,..,,..,,..,,"1,000",,"1,000",,880,,720,,..,,..,,610,,..,,..,,..,,..,,..,,..,,..,,0.176,,..,,..,,0.594,,0.630,,0.630,
Antigua and Barbuda,..,,..,,..,,..,,68.7,,62.8,,..,,..,,..,,..,,..,,..,,..,,..,,..,,..,,..,,..,,..,,..,,..,,..,,..,,..,,..,,..,,..,,..,,..,,..,,..,,..,,..,,..,,..,,..,,..,,..,,..,,..,,..,,..,,..,,..,,..,,..,,..,,..,,..,,..,,..,,..,,..,,..,,..,,..,,..,,..,,..,,0.091,,0.161,,..,,..,,0.200,,0.241,,0.241,
Argentina,..,,..,,..,,..,,69.8,,60.7,,..,,..,,56.9,,..,,56.9,,..,,..,,..,,0.426,,0.423,,0.381,,..,,..,,..,,..,,0.372,,0.504,,0.529,,0.550,,0.538,,0.589,,0.642,,0.653,,0.653,,0.655,,0.669,,..,,0.954,,0.897,,0.945,,0.975,,1.009,,1.026,,..,,..,,..,,..,,..,,..,,..,,72,,61,,63,,70,,..,,..,,70,,..,,..,,..,,..,,..,,..,,0.270,,0.597,,..,,..,,0.660,,0.608,,0.608,
Armenia,..,,..,,..,,..,,53.0,,37.9,,..,,..,,35.7,,..,,35.7,,..,,..,,..,,0.429,,0.455,,0.390,,..,,..,,..,,..,,0.343,,0.784,,0.780,,0.782,,0.784,,0.789,,0.799,,0.800,,0.801,,0.799,,0.799,,..,,0.936,,0.948,,0.961,,0.968,,0.973,,0.983,,..,,..,,..,,..,,..,,..,,..,,51,,44,,34,,32,,..,,..,,29,,..,,..,,..,,..,,..,,..,,0.031,,0.056,,..,,..,,0.092,,0.101,,0.101,
Australia,..,,..,,..,,..,,19.2,,16.7,,..,,..,,14.9,,..,,14.9,,..,,..,,..,,0.192,,0.158,,0.139,,..,,..,,..,,..,,0.136,,0.570,,0.609,,0.689,,0.724,,0.754,,0.789,,0.795,,0.800,,0.805,,0.808,,..,,1.002,,1.027,,1.013,,1.000,,0.993,,0.983,,..,,..,,..,,..,,..,,..,,..,,10,,13,,9,,8,,..,,..,,8,,..,,..,,..,,..,,..,,..,,0.333,,0.395,,..,,..,,0.421,,0.430,,0.395,
Austria,..,,..,,..,,..,,14.6,,13.5,,..,,..,,12.8,,..,,12.8,,..,,..,,..,,0.163,,0.158,,0.130,,..,,..,,..,,..,,0.131,,0.538,,0.568,,0.618,,0.694,,0.713,,0.761,,0.769,,0.767,,0.779,,0.781,,..,,0.578,,0.619,,0.661,,0.699,,0.730,,0.756,,..,,..,,..,,..,,..,,..,,..,,10,,7,,5,,5,,..,,..,,5,,..,,..,,..,,..,,..,,..,,0.335,,0.476,,..,,..,,0.363,,0.394,,0.394,
Azerbaijan,..,,..,,..,,..,,41.0,,33.6,,..,,..,,33.8,,..,,33.8,,..,,..,,..,,..,,0.668,,..,,..,,..,,..,,..,,0.314,,0.797,,0.792,,0.803,,0.770,,0.802,,0.868,,0.881,,0.895,,0.910,,0.891,,..,,..,,..,,..,,..,,0.938,,..,,..,,..,,..,,..,,..,,..,,..,,64,,79,,59,,44,,..,,..,,38,,..,,..,,..,,..,,..,,..,,0.000,,0.150,,..,,..,,0.128,,0.128,,0.190,
Bahamas,..,,..,,..,,..,,61.9,,44.0,,..,,..,,53.0,,..,,53.0,,..,,..,,..,,..,,0.381,,..,,..,,..,,..,,..,,0.332,,0.734,,0.776,,0.815,,0.805,,0.848,,0.860,,0.866,,0.868,,0.866,,0.868,,..,,..,,..,,..,,..,,1.041,,..,,..,,..,,..,,..,,..,,..,,..,,55,,59,,56,,48,,..,,..,,49,,..,,..,,..,,..,,..,,..,,0.244,,0.366,,..,,..,,0.333,,0.217,,0.217,
Bahrain,..,,..,,..,,..,,17.9,,15.7,,..,,..,,16.7,,..,,16.7,,..,,..,,..,,..,,..,,0.348,,..,,..,,..,,..,,0.288,,0.197,,0.258,,0.319,,0.355,,0.392,,0.385,,0.382,,0.379,,0.378,,0.381,,..,,0.639,,0.848,,0.913,,0.843,,0.756,,0.875,,..,,..,,..,,..,,..,,..,,..,,25,,22,,23,,21,,..,,..,,19,,..,,..,,..,,..,,..,,..,,..,,0.081,,..,,..,,0.159,,0.159,,0.176,
Bangladesh,..,,..,,..,,..,,130.5,,105.9,,..,,..,,71.6,,..,,71.6,,..,,..,,..,,0.664,,..,,0.598,,..,,..,,..,,..,,0.550,,0.637,,0.660,,0.692,,0.672,,0.636,,0.679,,0.687,,0.695,,0.704,,0.711,,..,,0.212,,0.338,,0.447,,0.563,,0.705,,0.723,,..,,..,,..,,..,,..,,..,,..,,870,,640,,500,,420,,..,,..,,340,,..,,..,,..,,..,,..,,..,,..,,0.173,,..,,..,,0.068,,0.228,,0.228,
Barbados,..,,..,,..,,..,,56.2,,42.1,,..,,..,,42.7,,..,,42.7,,..,,..,,..,,0.361,,0.366,,0.368,,..,,..,,..,,..,,0.364,,0.730,,0.757,,0.791,,0.817,,0.825,,0.838,,0.842,,0.846,,0.846,,0.843,,..,,0.899,,0.913,,0.947,,0.983,,1.014,,1.023,,..,,..,,..,,..,,..,,..,,..,,120,,42,,50,,62,,..,,..,,64,,..,,..,,..,,..,,..,,..,,0.256,,0.214,,..,,..,,0.159,,0.244,,0.244,
Belarus,..,,..,,..,,..,,33.2,,23.9,,..,,..,,21.3,,..,,21.3,,..,,..,,..,,..,,..,,..,,..,,..,,..,,..,,..,,0.832,,0.807,,0.802,,0.792,,0.808,,0.816,,0.819,,0.821,,0.824,,0.824,,..,,..,,..,,..,,..,,..,,..,,..,,..,,..,,..,,..,,..,,..,,37,,28,,31,,20,,..,,..,,15,,..,,..,,..,,..,,..,,..,,0.117,,0.424,,..,,..,,0.482,,0.474,,0.474,
Belgium,..,,..,,..,,..,,22.7,,16.1,,..,,..,,7.7,,..,,7.7,,..,,..,,..,,0.213,,0.178,,0.129,,..,,..,,..,,..,,0.114,,0.531,,0.565,,0.598,,0.660,,0.708,,0.744,,0.752,,0.761,,0.770,,0.768,,..,,0.832,,0.853,,0.908,,0.923,,0.932,,0.927,,..,,..,,..,,..,,..,,..,,..,,7,,7,,6,,5,,..,,..,,5,,..,,..,,..,,..,,..,,..,,0.331,,0.556,,..,,..,,0.567,,0.637,,0.625,
Belize,..,,..,,..,,..,,106.3,,91.2,,..,,..,,78.7,,..,,78.7,,..,,..,,..,,0.470,,0.524,,0.503,,..,,..,,..,,..,,0.493,,0.387,,0.398,,0.430,,0.436,,0.483,,0.553,,0.561,,0.565,,0.570,,0.588,,..,,0.862,,0.937,,0.939,,1.007,,1.043,,1.091,,..,,..,,..,,..,,..,,..,,..,,72,,32,,100,,94,,..,,..,,94,,..,,..,,..,,..,,..,,..,,0.156,,0.135,,..,,..,,0.125,,0.125,,0.125,
Benin,..,,..,,..,,..,,123.3,,117.4,,..,,..,,111.8,,..,,111.8,,..,,..,,..,,0.690,,..,,0.653,,..,,..,,..,,..,,0.634,,0.652,,0.641,,0.639,,0.691,,0.785,,0.840,,0.843,,0.845,,0.847,,0.866,,..,,0.372,,0.378,,0.339,,0.369,,0.406,,0.414,,..,,..,,..,,..,,..,,..,,..,,790,,690,,560,,460,,..,,..,,410,,..,,..,,..,,..,,..,,..,,..,,0.078,,..,,..,,0.122,,0.122,,0.122,
Bhutan,..,,..,,..,,..,,75.0,,58.3,,..,,..,,38.3,,..,,38.3,,..,,..,,..,,..,,..,,..,,..,,..,,..,,..,,0.495,,0.834,,0.750,,0.672,,0.515,,0.512,,0.666,,0.693,,0.718,,0.741,,0.757,,..,,..,,..,,..,,..,,..,,..,,..,,..,,..,,..,,..,,..,,..,,940,,650,,420,,260,,..,,..,,200,,..,,..,,..,,..,,..,,..,,..,,0.103,,..,,..,,0.161,,0.161,,0.161,
Bolivia (Plurinational State of),..,,..,,..,,..,,86.9,,84.4,,..,,..,,78.2,,..,,78.2,,..,,..,,..,,0.788,,0.580,,0.537,,..,,..,,..,,..,,0.476,,0.654,,0.703,,0.720,,0.722,,0.729,,0.744,,0.747,,0.757,,0.758,,0.757,,..,,0.621,,0.646,,0.702,,0.721,,0.722,,0.761,,..,,..,,..,,..,,..,,..,,..,,510,,410,,300,,220,,..,,..,,180,,..,,..,,..,,..,,..,,..,,0.113,,0.172,,..,,..,,0.172,,0.361,,0.431,
Bosnia and Herzegovina,..,,..,,..,,..,,27.0,,18.2,,..,,..,,15.9,,..,,15.9,,..,,..,,..,,..,,..,,..,,..,,..,,..,,..,,..,,0.816,,0.797,,0.790,,0.796,,0.810,,0.806,,0.805,,0.804,,0.803,,0.805,,..,,..,,..,,..,,..,,..,,..,,..,,..,,..,,..,,..,,..,,..,,18,,15,,11,,10,,..,,..,,9,,..,,..,,..,,..,,..,,..,,..,,0.140,,..,,..,,0.140,,0.213,,0.187,
Botswana,..,,..,,..,,..,,73.3,,61.2,,..,,..,,52.1,,..,,52.1,,..,,..,,..,,0.504,,0.522,,0.525,,..,,..,,..,,..,,0.507,,0.780,,0.769,,0.780,,0.823,,0.856,,0.878,,0.883,,0.888,,0.893,,0.893,,..,,0.528,,0.824,,0.990,,0.992,,0.996,,0.988,,..,,..,,..,,..,,..,,..,,..,,83,,130,,310,,280,,..,,..,,190,,..,,..,,..,,..,,..,,..,,0.205,,0.125,,..,,..,,0.125,,0.086,,0.086,
Brazil,..,,..,,..,,..,,89.7,,86.0,,..,,..,,75.6,,..,,75.6,,..,,..,,..,,0.523,,0.514,,0.471,,..,,..,,..,,..,,0.449,,0.450,,0.484,,0.524,,0.636,,0.667,,0.712,,0.720,,0.720,,0.730,,0.734,,..,,0.903,,0.974,,1.085,,1.111,,1.086,,1.040,,..,,..,,..,,..,,..,,..,,..,,120,,98,,79,,64,,..,,..,,58,,..,,..,,..,,..,,..,,..,,0.063,,0.100,,..,,..,,0.104,,0.102,,0.106,
Brunei Darussalam,..,,..,,..,,..,,28.8,,26.2,,..,,..,,25.0,,..,,25.0,,..,,..,,..,,..,,..,,..,,..,,..,,..,,..,,..,,0.367,,0.449,,0.547,,0.623,,0.700,,0.765,,0.779,,0.792,,0.803,,0.798,,..,,0.726,,0.807,,0.846,,0.985,,1.046,,1.060,,..,,..,,..,,..,,..,,..,,..,,28,,25,,24,,23,,..,,..,,21,,..,,..,,..,,..,,..,,..,,..,,..,,..,,..,,..,,..,,..,
Bulgaria,..,,..,,..,,..,,50.6,,44.8,,..,,..,,42.2,,..,,42.2,,..,,..,,..,,0.338,,..,,0.233,,..,,..,,..,,..,,0.245,,0.876,,0.867,,0.876,,0.872,,0.832,,0.796,,0.809,,0.807,,0.793,,0.787,,..,,0.935,,0.946,,0.937,,0.949,,0.953,,0.968,,..,,..,,..,,..,,..,,..,,..,,24,,23,,28,,14,,..,,..,,13,,..,,..,,..,,..,,..,,..,,..,,0.421,,..,,..,,0.277,,0.263,,0.263,
Burkina Faso,..,,..,,..,,..,,136.2,,130.4,,..,,..,,130.9,,..,,130.9,,..,,..,,..,,..,,..,,..,,..,,..,,..,,..,,0.596,,0.837,,0.826,,0.847,,0.852,,0.853,,0.860,,0.859,,0.857,,0.855,,0.861,,..,,..,,..,,..,,..,,..,,..,,..,,..,,..,,..,,..,,..,,..,,770,,730,,650,,600,,..,,..,,560,,..,,..,,..,,..,,..,,..,,0.117,,0.133,,..,,..,,0.181,,0.181,,0.181,
Burundi,..,,..,,..,,..,,40.1,,29.0,,..,,..,,18.6,,..,,18.6,,..,,..,,..,,..,,0.588,,0.522,,..,,..,,..,,..,,0.478,,1.015,,1.015,,1.005,,0.999,,1.005,,1.029,,1.032,,1.035,,1.036,,1.040,,..,,0.349,,0.415,,0.391,,0.441,,0.483,,0.502,,..,,..,,..,,..,,..,,..,,..,,"1,200",,"1,200",,"1,200",,"1,100",,..,,..,,970,,..,,..,,..,,..,,..,,..,,0.168,,0.465,,..,,..,,0.465,,0.465,,0.564,
Cambodia,..,,..,,..,,..,,53.3,,45.4,,..,,..,,39.2,,..,,39.2,,..,,..,,..,,0.623,,0.600,,0.551,,..,,..,,..,,..,,0.500,,0.947,,0.941,,0.926,,0.909,,0.892,,0.871,,0.871,,0.871,,0.870,,0.859,,..,,0.549,,0.555,,0.567,,0.544,,0.538,,0.526,,..,,..,,..,,..,,..,,..,,..,,690,,640,,470,,350,,..,,..,,290,,..,,..,,..,,..,,..,,..,,0.073,,0.122,,..,,..,,0.187,,0.235,,0.235,
Cameroon,..,,..,,..,,..,,142.8,,136.2,,..,,..,,127.5,,..,,127.5,,..,,..,,..,,0.702,,..,,0.668,,..,,..,,..,,..,,0.639,,0.598,,0.571,,0.581,,0.603,,0.629,,0.647,,0.650,,0.652,,0.655,,0.662,,..,,0.326,,0.394,,0.438,,0.493,,0.550,,0.583,,..,,..,,..,,..,,..,,..,,..,,680,,680,,660,,640,,..,,..,,600,,..,,..,,..,,..,,..,,..,,..,,0.098,,..,,..,,0.161,,0.161,,0.161,
Canada,..,,..,,..,,..,,20.1,,15.0,,..,,..,,12.8,,..,,12.8,,..,,..,,..,,0.168,,..,,0.147,,..,,..,,..,,..,,0.140,,0.641,,0.710,,0.762,,0.786,,0.812,,0.840,,0.848,,0.854,,0.854,,0.859,,..,,0.997,,0.997,,0.998,,0.993,,0.998,,0.993,,..,,..,,..,,..,,..,,..,,..,,6,,7,,7,,12,,..,,..,,12,,..,,..,,..,,..,,..,,..,,..,,0.328,,..,,..,,0.332,,0.332,,0.332,
Cape Verde,..,,..,,..,,..,,105.8,,94.7,,..,,..,,94.9,,..,,94.9,,..,,..,,..,,..,,..,,..,,..,,..,,..,,..,,..,,0.531,,0.524,,0.490,,0.504,,0.547,,0.613,,0.624,,0.636,,0.648,,0.658,,..,,..,,..,,..,,..,,..,,..,,..,,..,,..,,..,,..,,..,,..,,230,,200,,170,,120,,..,,..,,94,,..,,..,,..,,..,,..,,..,,..,,0.125,,..,,..,,0.220,,0.220,,0.263,
Central African Republic,..,,..,,..,,..,,134.4,,122.5,,..,,..,,106.6,,..,,106.6,,..,,..,,..,,0.733,,..,,0.679,,..,,..,,..,,..,,0.669,,0.803,,0.801,,0.793,,0.803,,0.811,,0.819,,0.820,,0.822,,0.825,,0.825,,..,,0.174,,0.205,,0.252,,0.304,,0.343,,0.362,,..,,..,,..,,..,,..,,..,,..,,880,,890,,900,,910,,..,,..,,850,,..,,..,,..,,..,,..,,..,,..,,0.117,,..,,..,,0.117,,0.106,,..,
Chad,..,,..,,..,,..,,193.4,,189.6,,..,,..,,164.4,,..,,164.4,,..,,..,,..,,..,,..,,..,,..,,..,,..,,..,,0.735,,0.833,,0.807,,0.799,,0.802,,0.806,,0.798,,0.799,,0.801,,0.803,,0.802,,..,,..,,..,,..,,..,,..,,..,,..,,..,,..,,..,,..,,..,,..,,"1,300",,"1,300",,"1,300",,"1,200",,..,,..,,"1,200",,..,,..,,..,,..,,..,,..,,0.025,,0.069,,..,,..,,0.054,,0.054,,..,
Chile,..,,..,,..,,..,,66.9,,61.6,,..,,..,,59.6,,..,,59.6,,..,,..,,..,,0.477,,0.436,,0.396,,..,,..,,..,,..,,0.374,,0.393,,0.396,,0.418,,0.447,,0.480,,0.526,,0.536,,0.560,,0.578,,0.570,,..,,0.935,,0.962,,0.959,,0.959,,0.952,,0.959,,..,,..,,..,,..,,..,,..,,..,,56,,40,,29,,26,,..,,..,,26,,..,,..,,..,,..,,..,,..,,0.098,,0.135,,..,,..,,0.145,,0.162,,0.162,
China,..,,..,,..,,..,,6.8,,8.2,,..,,..,,9.7,,..,,9.7,,..,,..,,..,,0.267,,0.170,,0.224,,..,,..,,..,,..,,0.209,,0.812,,0.834,,0.860,,0.852,,0.848,,0.847,,0.847,,0.848,,0.848,,0.845,,..,,0.457,,0.558,,0.683,,0.714,,0.713,,0.744,,..,,..,,..,,..,,..,,..,,..,,110,,82,,60,,44,,..,,..,,38,,..,,..,,..,,..,,..,,..,,0.001,,0.254,,..,,..,,0.271,,0.271,,0.271,
Colombia,..,,..,,..,,..,,91.7,,95.7,,..,,..,,74.3,,..,,74.3,,..,,..,,..,,0.558,,0.532,,0.516,,..,,..,,..,,..,,0.482,,0.298,,0.342,,0.374,,0.412,,0.462,,0.503,,0.507,,0.511,,0.521,,0.524,,..,,0.873,,0.920,,0.953,,0.980,,0.990,,1.010,,..,,..,,..,,..,,..,,..,,..,,140,,120,,110,,85,,..,,..,,85,,..,,..,,..,,..,,..,,..,,0.139,,0.122,,..,,..,,0.107,,0.107,,0.160,
Comoros,..,,..,,..,,..,,66.5,,63.6,,..,,..,,45.7,,..,,45.7,,..,,..,,..,,..,,..,,..,,..,,..,,..,,..,,..,,0.737,,0.718,,0.740,,0.784,,0.837,,0.852,,0.853,,0.854,,0.855,,0.863,,..,,..,,..,,..,,..,,..,,..,,..,,..,,..,,..,,..,,..,,..,,530,,450,,390,,360,,..,,..,,340,,..,,..,,..,,..,,..,,..,,..,,0.031,,..,,..,,0.031,,0.001,,0.031,
Congo,..,,..,,..,,..,,130.2,,130.5,,..,,..,,112.8,,..,,112.8,,..,,..,,..,,..,,0.628,,0.631,,..,,..,,..,,..,,0.628,,0.700,,0.689,,0.709,,0.728,,0.736,,0.749,,0.751,,0.754,,0.756,,0.762,,..,,0.374,,0.439,,0.558,,0.680,,0.823,,0.895,,..,,..,,..,,..,,..,,..,,..,,460,,520,,590,,590,,..,,..,,580,,..,,..,,..,,..,,..,,..,,0.136,,0.112,,..,,..,,0.101,,0.101,,0.101,
Congo (Democratic Republic of the),..,,..,,..,,..,,242.0,,230.6,,..,,..,,201.4,,..,,201.4,,..,,..,,..,,..,,..,,0.722,,..,,..,,..,,..,,0.710,,0.647,,0.635,,0.625,,0.632,,0.645,,0.650,,0.652,,0.655,,0.658,,0.661,,..,,0.150,,0.201,,0.268,,0.227,,0.217,,0.262,,..,,..,,..,,..,,..,,..,,..,,900,,910,,850,,740,,..,,..,,670,,..,,..,,..,,..,,..,,..,,..,,0.113,,..,,..,,0.084,,0.084,,0.084,
Costa Rica,..,,..,,..,,..,,86.9,,76.4,,..,,..,,67.0,,..,,67.0,,..,,..,,..,,0.457,,0.437,,0.382,,..,,..,,..,,..,,0.361,,0.349,,0.335,,0.388,,0.422,,0.449,,0.531,,0.548,,0.557,,0.556,,0.565,,..,,0.952,,0.960,,0.973,,0.990,,1.012,,1.008,,..,,..,,..,,..,,..,,..,,..,,35,,42,,41,,43,,..,,..,,44,,..,,..,,..,,..,,..,,..,,0.239,,0.541,,..,,..,,0.583,,0.583,,0.629,
Croatia,..,,..,,..,,..,,17.8,,14.4,,..,,..,,14.1,,..,,14.1,,..,,..,,..,,0.289,,0.208,,0.194,,..,,..,,..,,..,,0.170,,0.692,,0.682,,0.677,,0.694,,0.717,,0.756,,0.770,,0.748,,0.758,,0.766,,..,,0.546,,0.602,,0.646,,0.696,,0.733,,0.767,,..,,..,,..,,..,,..,,..,,..,,8,,14,,11,,14,,..,,..,,14,,..,,..,,..,,..,,..,,..,,0.191,,0.226,,..,,..,,0.264,,0.308,,0.308,
Cuba,..,,..,,..,,..,,67.9,,50.3,,..,,..,,45.2,,..,,45.2,,..,,..,,..,,0.433,,0.420,,0.361,,..,,..,,..,,..,,0.337,,0.440,,0.479,,0.493,,0.519,,0.544,,0.582,,0.593,,0.613,,0.609,,0.612,,..,,0.806,,0.796,,0.848,,0.882,,0.898,,0.911,,..,,..,,..,,..,,..,,..,,..,,63,,62,,65,,53,,..,,..,,53,,..,,..,,..,,..,,..,,..,,0.382,,0.562,,..,,..,,0.759,,0.759,,0.759,
Cyprus,..,,..,,..,,..,,13.1,,7.2,,..,,..,,6.1,,..,,6.1,,..,,..,,..,,0.296,,..,,0.145,,..,,..,,..,,..,,0.141,,0.508,,0.554,,0.623,,0.648,,0.691,,0.737,,0.753,,0.768,,0.776,,0.767,,..,,0.687,,0.749,,0.790,,0.826,,0.879,,0.754,,..,,..,,..,,..,,..,,..,,..,,17,,17,,14,,11,,..,,..,,10,,..,,..,,..,,..,,..,,..,,..,,0.191,,..,,..,,0.167,,0.143,,0.143,
Czech Republic,..,,..,,..,,..,,16.7,,11.4,,..,,..,,10.6,,..,,10.6,,..,,..,,..,,0.187,,0.205,,0.153,,..,,..,,..,,..,,0.136,,0.715,,0.720,,0.730,,0.732,,0.745,,0.737,,0.737,,0.729,,0.723,,0.722,,..,,0.644,,0.863,,0.986,,1.000,,0.984,,1.000,,..,,..,,..,,..,,..,,..,,..,,15,,9,,7,,7,,..,,..,,8,,..,,..,,..,,..,,..,,..,,0.120,,0.186,,..,,..,,0.191,,0.191,,0.266,
Côte d'Ivoire,..,,..,,..,,..,,136.4,,134.9,,..,,..,,129.9,,..,,129.9,,..,,..,,..,,0.700,,..,,0.671,,..,,..,,..,,..,,0.655,,0.457,,0.466,,0.495,,0.551,,0.599,,0.607,,0.610,,0.613,,0.617,,0.619,,..,,0.217,,0.265,,0.292,,0.348,,0.414,,0.479,,..,,..,,..,,..,,..,,..,,..,,690,,620,,580,,530,,..,,..,,470,,..,,..,,..,,..,,..,,..,,..,,0.093,,..,,..,,0.097,,0.097,,0.097,
Denmark,..,,..,,..,,..,,8.0,,6.6,,..,,..,,6.0,,..,,6.0,,..,,..,,..,,0.097,,0.079,,0.068,,..,,..,,..,,..,,0.060,,0.776,,0.802,,0.818,,0.794,,0.838,,0.847,,0.854,,0.852,,0.855,,0.855,,..,,0.709,,0.791,,0.762,,0.803,,0.844,,0.877,,..,,..,,..,,..,,..,,..,,..,,7,,11,,5,,4,,..,,..,,5,,..,,..,,..,,..,,..,,..,,0.598,,0.584,,..,,..,,0.613,,0.613,,0.613,
Djibouti,..,,..,,..,,..,,31.1,,28.8,,..,,..,,23.0,,..,,23.0,,..,,..,,..,,..,,..,,..,,..,,..,,..,,..,,..,,0.593,,0.610,,0.631,,0.654,,0.697,,0.745,,0.754,,0.764,,0.773,,0.782,,..,,..,,..,,..,,..,,..,,..,,..,,..,,..,,..,,..,,..,,..,,370,,350,,330,,320,,..,,..,,300,,..,,..,,..,,..,,..,,..,,0.001,,0.121,,..,,..,,0.161,,0.161,,0.161,
Dominica,..,,..,,..,,..,,32.1,,24.5,,..,,..,,..,,..,,..,,..,,..,,..,,..,,..,,..,,..,,..,,..,,..,,..,,..,,..,,..,,..,,..,,..,,..,,..,,..,,..,,..,,..,,..,,..,,..,,1.280,,..,,..,,..,,..,,..,,..,,..,,..,,..,,..,,..,,..,,..,,..,,..,,..,,..,,..,,..,,..,,..,,..,,0.148,,..,,..,,0.231,,0.167,,0.143,
Dominican Republic,..,,..,,..,,..,,111.0,,109.6,,..,,..,,108.7,,..,,108.7,,..,,..,,..,,0.572,,0.519,,0.498,,..,,..,,..,,..,,0.480,,0.473,,0.491,,0.505,,0.530,,0.577,,0.601,,0.615,,0.627,,0.635,,0.633,,..,,0.824,,0.823,,0.857,,0.939,,1.073,,1.132,,..,,..,,..,,..,,..,,..,,..,,220,,170,,120,,100,,..,,..,,100,,..,,..,,..,,..,,..,,..,,0.170,,0.182,,..,,..,,0.207,,0.207,,0.236,
Ecuador,..,,..,,..,,..,,85.4,,84.5,,..,,..,,82.8,,..,,82.8,,..,,..,,..,,0.621,,0.534,,0.511,,..,,..,,..,,..,,0.469,,0.358,,0.391,,0.416,,0.468,,0.530,,0.573,,0.583,,0.596,,0.603,,0.606,,..,,0.918,,0.903,,0.892,,0.933,,0.989,,0.976,,..,,..,,..,,..,,..,,..,,..,,230,,190,,170,,140,,..,,..,,140,,..,,..,,..,,..,,..,,..,,0.171,,0.190,,..,,..,,0.333,,0.476,,0.476,
Egypt,..,,..,,..,,..,,58.8,,52.5,,..,,..,,39.0,,..,,39.0,,..,,..,,..,,0.669,,0.650,,0.599,,..,,..,,..,,..,,..,,0.391,,0.373,,0.360,,0.336,,0.321,,0.311,,0.311,,0.314,,0.313,,0.297,,..,,0.376,,0.397,,0.456,,0.531,,0.613,,0.674,,..,,..,,..,,..,,..,,..,,..,,220,,150,,110,,90,,..,,..,,82,,..,,..,,..,,..,,..,,..,,0.020,,0.039,,..,,..,,0.038,,0.038,,..,
El Salvador,..,,..,,..,,..,,111.5,,91.9,,..,,..,,82.7,,..,,82.7,,..,,..,,..,,0.557,,..,,0.533,,..,,..,,..,,..,,0.487,,0.482,,0.483,,0.488,,0.514,,0.569,,0.575,,0.583,,0.597,,0.608,,0.599,,..,,0.781,,0.860,,0.855,,0.861,,0.838,,0.857,,..,,..,,..,,..,,..,,..,,..,,200,,170,,140,,120,,..,,..,,110,,..,,..,,..,,..,,..,,..,,..,,0.120,,..,,..,,0.200,,0.235,,0.235,
Equatorial Guinea,..,,..,,..,,..,,133.9,,128.8,,..,,..,,122.8,,..,,122.8,,..,,..,,..,,..,,..,,..,,..,,..,,..,,..,,..,,0.414,,0.491,,0.432,,0.363,,0.363,,0.402,,0.408,,0.412,,0.416,,0.432,,..,,..,,..,,..,,..,,..,,..,,..,,..,,..,,..,,..,,..,,..,,"1,000",,900,,480,,320,,..,,..,,280,,..,,..,,..,,..,,..,,..,,..,,0.220,,..,,..,,0.064,,0.111,,0.111,
Eritrea,..,,..,,..,,..,,98.7,,83.2,,..,,..,,66.9,,..,,66.9,,..,,..,,..,,..,,..,,..,,..,,..,,..,,..,,..,,0.627,,0.621,,0.654,,0.637,,0.669,,0.714,,0.719,,0.721,,0.722,,0.750,,..,,..,,..,,..,,..,,..,,..,,..,,..,,..,,..,,..,,..,,..,,930,,590,,420,,330,,..,,..,,280,,..,,..,,..,,..,,..,,..,,0.172,,0.226,,..,,..,,0.282,,0.282,,0.282,
Estonia,..,,..,,..,,..,,30.5,,22.3,,..,,..,,21.4,,..,,21.4,,..,,..,,..,,0.359,,0.237,,0.242,,..,,..,,..,,..,,0.194,,0.836,,0.831,,0.823,,0.758,,0.775,,0.814,,0.814,,0.794,,0.798,,0.794,,..,,0.951,,0.987,,0.989,,0.991,,0.965,,0.990,,..,,..,,..,,..,,..,,..,,..,,48,,46,,14,,23,,..,,..,,12,,..,,..,,..,,..,,..,,..,,0.217,,0.232,,..,,..,,0.263,,0.295,,..,
Ethiopia,..,,..,,..,,..,,111.5,,97.2,,..,,..,,104.4,,..,,104.4,,..,,..,,..,,..,,..,,..,,..,,..,,..,,..,,..,,0.798,,0.803,,0.796,,0.790,,0.801,,0.861,,0.863,,0.865,,0.867,,0.894,,..,,..,,..,,..,,..,,..,,..,,..,,..,,..,,..,,..,,..,,..,,990,,920,,750,,560,,..,,..,,470,,..,,..,,..,,..,,..,,..,,..,,0.265,,..,,..,,0.272,,0.272,,0.343,
Fiji,..,,..,,..,,..,,45.8,,41.5,,..,,..,,31.5,,..,,31.5,,..,,..,,..,,0.453,,..,,0.389,,..,,..,,..,,..,,..,,0.274,,0.275,,0.348,,0.470,,0.497,,0.497,,0.497,,0.495,,0.494,,0.494,,..,,0.700,,0.756,,0.932,,0.961,,0.973,,0.977,,..,,..,,..,,..,,..,,..,,..,,40,,36,,32,,28,,..,,..,,26,,..,,..,,..,,..,,..,,..,,..,,0.108,,..,,..,,..,,..,,..,
Finland,..,,..,,..,,..,,9.6,,13.1,,..,,..,,11.4,,..,,11.4,,..,,..,,..,,0.092,,0.089,,0.102,,..,,..,,..,,..,,0.075,,0.784,,0.825,,0.820,,0.838,,0.852,,0.875,,0.876,,0.879,,0.873,,0.879,,..,,0.958,,0.892,,0.892,,0.946,,0.893,,0.988,,..,,..,,..,,..,,..,,..,,..,,7,,5,,5,,6,,..,,..,,8,,..,,..,,..,,..,,..,,..,,0.575,,0.600,,..,,..,,0.709,,0.667,,0.667,
France,..,,..,,..,,..,,7.2,,8.0,,..,,..,,6.9,,..,,6.9,,..,,..,,..,,0.184,,0.164,,0.139,,..,,..,,..,,..,,0.106,,0.621,,0.670,,0.704,,0.752,,0.769,,0.802,,0.806,,0.814,,0.818,,0.812,,..,,0.691,,0.782,,0.847,,0.889,,0.917,,0.908,,..,,..,,..,,..,,..,,..,,..,,13,,13,,10,,8,,..,,..,,8,,..,,..,,..,,..,,..,,..,,0.100,,0.162,,..,,..,,0.243,,0.250,,0.250,
Gabon,..,,..,,..,,..,,130.1,,107.1,,..,,..,,89.9,,..,,89.9,,..,,..,,..,,0.562,,..,,0.538,,..,,..,,..,,..,,0.509,,0.811,,0.776,,0.760,,0.753,,0.778,,0.820,,0.830,,0.839,,0.849,,0.864,,..,,2.386,,2.100,,1.755,,1.535,,1.457,,1.500,,..,,..,,..,,..,,..,,..,,..,,260,,250,,260,,260,,..,,..,,260,,..,,..,,..,,..,,..,,..,,..,,0.135,,..,,..,,0.192,,0.191,,0.191,
Gambia,..,,..,,..,,..,,130.9,,102.8,,..,,..,,88.1,,..,,88.1,,..,,..,,..,,0.731,,0.721,,0.613,,..,,..,,..,,..,,0.610,,0.826,,0.816,,0.821,,0.824,,0.823,,0.824,,0.825,,0.826,,0.829,,0.828,,..,,0.374,,0.358,,0.385,,0.407,,0.423,,0.471,,..,,..,,..,,..,,..,,..,,..,,750,,690,,560,,460,,..,,..,,400,,..,,..,,..,,..,,..,,..,,0.021,,0.152,,..,,..,,0.104,,0.082,,0.082,
Georgia,..,,..,,..,,..,,60.5,,48.5,,..,,..,,44.7,,..,,44.7,,..,,..,,..,,..,,..,,..,,..,,..,,..,,..,,0.418,,0.778,,0.771,,0.764,,0.779,,0.740,,0.756,,0.755,,0.754,,0.753,,0.746,,..,,..,,..,,..,,..,,0.968,,..,,..,,..,,..,,..,,..,,..,,..,,58,,64,,50,,52,,..,,..,,48,,..,,..,,..,,..,,..,,..,,..,,0.103,,..,,..,,0.064,,0.054,,0.070,
Germany,..,,..,,..,,..,,12.8,,10.4,,..,,..,,7.7,,..,,7.7,,..,,..,,..,,0.146,,0.131,,0.105,,..,,..,,..,,..,,0.085,,0.565,,0.577,,0.623,,0.687,,0.723,,0.770,,0.778,,0.784,,0.790,,0.796,,..,,0.821,,0.833,,0.837,,0.808,,0.810,,0.984,,..,,..,,..,,..,,..,,..,,..,,13,,9,,7,,7,,..,,..,,7,,..,,..,,..,,..,,..,,..,,0.436,,0.438,,..,,..,,0.452,,0.464,,0.464,
Ghana,..,,..,,..,,..,,90.1,,79.9,,..,,..,,64.0,,..,,64.0,,..,,..,,..,,0.638,,..,,0.606,,..,,..,,..,,..,,0.598,,0.932,,0.949,,0.965,,0.962,,0.948,,0.970,,0.974,,0.978,,0.982,,0.981,,..,,0.360,,0.364,,0.361,,0.350,,0.342,,0.346,,..,,..,,..,,..,,..,,..,,..,,630,,540,,500,,400,,..,,..,,350,,..,,..,,..,,..,,..,,..,,..,,0.122,,..,,..,,0.086,,0.090,,0.090,
Greece,..,,..,,..,,..,,11.7,,10.7,,..,,..,,8.9,,..,,8.9,,..,,..,,..,,0.257,,..,,0.180,,..,,..,,..,,..,,0.162,,0.479,,0.496,,0.538,,0.554,,0.621,,0.654,,0.658,,0.659,,0.659,,0.660,,..,,0.675,,0.699,,0.754,,0.805,,0.845,,0.856,,..,,..,,..,,..,,..,,..,,..,,6,,2,,5,,3,,..,,..,,2,,..,,..,,..,,..,,..,,..,,..,,0.149,,..,,..,,0.172,,0.210,,0.210,
Grenada,..,,..,,..,,..,,61.5,,51.2,,..,,..,,42.4,,..,,42.4,,..,,..,,..,,..,,..,,..,,..,,..,,..,,..,,..,,..,,..,,..,,..,,..,,..,,..,,..,,..,,..,,..,,..,,..,,..,,..,,..,,..,,..,,..,,..,,..,,..,,..,,..,,..,,..,,..,,..,,..,,..,,..,,..,,..,,..,,..,,..,,..,,0.217,,0.474,,..,,..,,0.273,,0.273,,0.273,
Guatemala,..,,..,,..,,..,,121.1,,115.4,,..,,..,,107.2,,..,,107.2,,..,,..,,..,,0.568,,..,,0.571,,..,,..,,..,,..,,0.542,,0.464,,0.442,,0.449,,0.467,,0.487,,0.514,,0.535,,0.542,,0.547,,0.547,,..,,0.858,,0.873,,0.885,,0.863,,0.777,,0.735,,..,,..,,..,,..,,..,,..,,..,,140,,140,,110,,110,,..,,..,,110,,..,,..,,..,,..,,..,,..,,..,,0.090,,..,,..,,0.137,,0.137,,0.137,
Guinea,..,,..,,..,,..,,174.4,,165.7,,..,,..,,152.3,,..,,152.3,,..,,..,,..,,..,,..,,..,,..,,..,,..,,..,,..,,0.887,,0.881,,0.876,,0.876,,0.879,,0.883,,0.884,,0.885,,0.885,,0.888,,..,,..,,..,,..,,..,,..,,..,,..,,..,,..,,..,,..,,..,,..,,"1,200",,"1,100",,920,,780,,..,,..,,680,,..,,..,,..,,..,,..,,..,,..,,0.239,,..,,..,,..,,..,,..,
Guinea-Bissau,..,,..,,..,,..,,147.3,,130.6,,..,,..,,129.2,,..,,129.2,,..,,..,,..,,..,,..,,..,,..,,..,,..,,..,,..,,0.717,,0.677,,0.727,,0.732,,0.718,,0.712,,0.711,,0.711,,0.712,,0.711,,..,,..,,..,,..,,..,,..,,..,,..,,..,,..,,..,,..,,..,,..,,"1,200",,"1,100",,"1,100",,"1,100",,..,,..,,"1,000",,..,,..,,..,,..,,..,,..,,..,,0.163,,..,,..,,0.111,,0.111,,0.111,
Guyana,..,,..,,..,,..,,73.9,,82.4,,..,,..,,62.7,,..,,62.7,,..,,..,,..,,0.771,,0.487,,0.498,,..,,..,,..,,..,,0.511,,0.413,,0.401,,0.443,,0.510,,0.553,,0.554,,0.552,,0.551,,0.561,,0.551,,..,,0.749,,0.853,,0.911,,0.947,,0.982,,1.000,,..,,..,,..,,..,,..,,..,,..,,310,,250,,120,,190,,..,,..,,270,,..,,..,,..,,..,,..,,..,,0.226,,0.444,,..,,..,,0.429,,0.429,,0.429,
Haiti,..,,..,,..,,..,,61.8,,52.5,,..,,..,,46.4,,..,,46.4,,..,,..,,..,,0.678,,..,,0.576,,..,,..,,..,,..,,0.599,,0.726,,0.694,,0.705,,0.646,,0.692,,0.696,,0.700,,0.705,,0.705,,0.694,,..,,0.651,,0.697,,0.623,,0.602,,0.596,,0.612,,..,,..,,..,,..,,..,,..,,..,,670,,620,,450,,350,,..,,..,,300,,..,,..,,..,,..,,..,,..,,..,,0.100,,..,,..,,0.055,,0.050,,0.043,
Honduras,..,,..,,..,,..,,114.6,,102.5,,..,,..,,93.1,,..,,93.1,,..,,..,,..,,0.775,,..,,0.514,,..,,..,,..,,..,,0.511,,0.465,,0.462,,0.471,,0.487,,0.506,,0.483,,0.483,,0.493,,0.501,,0.499,,..,,0.907,,0.961,,0.979,,1.009,,1.024,,0.946,,..,,..,,..,,..,,..,,..,,..,,210,,180,,160,,130,,..,,..,,110,,..,,..,,..,,..,,..,,..,,..,,0.306,,..,,..,,0.306,,0.219,,0.219,
"Hong Kong, China (SAR)",..,,..,,..,,..,,5.0,,4.0,,..,,..,,5.7,,..,,5.7,,..,,..,,..,,..,,..,,..,,..,,..,,..,,..,,..,,0.560,,0.605,,0.593,,0.621,,0.675,,0.731,,0.737,,0.737,,0.743,,0.758,,..,,0.649,,0.726,,0.802,,0.858,,0.907,,0.938,,..,,..,,..,,..,,..,,..,,..,,..,,..,,..,,..,,..,,..,,..,,..,,..,,..,,..,,..,,..,,..,,..,,..,,..,,..,,..,,..,
Hungary,..,,..,,..,,..,,27.0,,18.5,,..,,..,,20.2,,..,,20.2,,..,,..,,..,,0.310,,..,,0.226,,..,,..,,..,,..,,0.237,,0.697,,0.697,,0.717,,0.683,,0.710,,0.736,,0.733,,0.728,,0.731,,0.724,,..,,0.658,,0.694,,0.725,,0.870,,0.915,,0.955,,..,,..,,..,,..,,..,,..,,..,,23,,23,,10,,10,,..,,..,,13,,..,,..,,..,,..,,..,,..,,..,,0.100,,..,,..,,0.125,,0.125,,0.100,
Iceland,..,,..,,..,,..,,23.5,,17.3,,..,,..,,15.1,,..,,15.1,,..,,..,,..,,0.155,,0.139,,0.121,,..,,..,,..,,..,,0.099,,0.839,,0.856,,0.882,,0.872,,0.882,,0.876,,0.871,,0.875,,0.874,,0.862,,..,,1.138,,1.148,,1.169,,1.180,,1.137,,1.121,,..,,..,,..,,..,,..,,..,,..,,8,,7,,6,,6,,..,,..,,5,,..,,..,,..,,..,,..,,..,,0.537,,0.500,,..,,..,,0.500,,0.750,,0.750,
India,..,,..,,..,,..,,116.1,,98.6,,..,,..,,68.1,,..,,68.1,,..,,..,,..,,0.692,,..,,0.646,,..,,..,,..,,..,,0.617,,0.378,,0.389,,0.404,,0.415,,0.401,,0.396,,0.400,,0.404,,0.409,,0.404,,..,,0.307,,0.358,,0.394,,0.433,,0.471,,0.498,,..,,..,,..,,..,,..,,..,,..,,570,,470,,390,,280,,..,,..,,230,,..,,..,,..,,..,,..,,..,,..,,0.103,,..,,..,,0.101,,0.115,,0.119,
Indonesia,..,,..,,..,,..,,47.8,,49.1,,..,,..,,39.8,,..,,39.8,,..,,..,,..,,0.581,,..,,0.549,,..,,..,,..,,..,,0.505,,0.532,,0.538,,0.618,,0.602,,0.594,,0.588,,0.595,,0.603,,0.611,,0.605,,..,,0.470,,0.365,,0.562,,0.632,,0.670,,0.716,,..,,..,,..,,..,,..,,..,,..,,620,,440,,350,,270,,..,,..,,240,,..,,..,,..,,..,,..,,..,,..,,0.127,,..,,..,,0.132,,0.217,,0.220,
Iran (Islamic Republic of),..,,..,,..,,..,,48.4,,33.5,,..,,..,,18.3,,..,,18.3,,..,,..,,..,,0.585,,0.566,,0.494,,..,,..,,..,,..,,0.485,,0.243,,0.243,,0.269,,0.342,,0.387,,0.415,,0.423,,0.430,,0.444,,0.437,,..,,0.391,,0.452,,0.498,,0.529,,0.562,,0.613,,..,,..,,..,,..,,..,,..,,..,,150,,90,,59,,38,,..,,..,,30,,..,,..,,..,,..,,..,,..,,0.036,,0.043,,..,,..,,0.029,,0.028,,0.028,
Iraq,..,,..,,..,,..,,57.1,,71.2,,..,,..,,85.5,,..,,85.5,,..,,..,,..,,0.658,,..,,0.529,,..,,..,,..,,..,,0.579,,0.135,,0.142,,0.149,,0.162,,0.177,,0.193,,0.193,,0.193,,0.192,,0.200,,..,,0.332,,0.362,,0.399,,0.439,,0.477,,0.502,,..,,..,,..,,..,,..,,..,,..,,93,,94,,84,,82,,..,,..,,75,,..,,..,,..,,..,,..,,..,,..,,0.000,,..,,..,,0.341,,0.341,,0.337,
Ireland,..,,..,,..,,..,,19.0,,19.0,,..,,..,,15.9,,..,,15.9,,..,,..,,..,,0.215,,0.204,,0.196,,..,,..,,..,,..,,0.203,,0.385,,0.452,,0.500,,0.580,,0.663,,0.715,,0.721,,0.736,,0.741,,0.745,,..,,1.088,,1.069,,1.047,,1.029,,1.026,,1.019,,..,,..,,..,,..,,..,,..,,..,,6,,4,,6,,2,,..,,..,,3,,..,,..,,..,,..,,..,,..,,0.159,,0.165,,..,,..,,0.183,,0.191,,0.203,
Israel,..,,..,,..,,..,,17.7,,16.0,,..,,..,,14.3,,..,,14.3,,..,,..,,..,,0.235,,0.193,,0.172,,..,,..,,..,,..,,0.145,,0.553,,0.580,,0.658,,0.724,,0.789,,0.818,,0.819,,0.820,,0.815,,0.831,,..,,0.871,,0.920,,0.953,,0.979,,1.000,,0.994,,..,,..,,..,,..,,..,,..,,..,,12,,10,,9,,7,,..,,..,,7,,..,,..,,..,,..,,..,,..,,0.143,,0.176,,..,,..,,0.165,,0.224,,0.237,
Italy,..,,..,,..,,..,,7.0,,7.0,,..,,..,,4.9,,..,,4.9,,..,,..,,..,,0.194,,0.186,,0.176,,..,,..,,..,,..,,0.124,,0.467,,0.477,,0.526,,0.537,,0.577,,0.617,,0.621,,0.620,,0.631,,0.634,,..,,0.714,,0.741,,0.775,,0.805,,0.825,,0.851,,..,,..,,..,,..,,..,,..,,..,,10,,6,,4,,5,,..,,..,,5,,..,,..,,..,,..,,..,,..,,0.112,,0.115,,..,,..,,0.253,,0.254,,0.255,
Jamaica,..,,..,,..,,..,,93.5,,85.4,,..,,..,,77.3,,..,,77.3,,..,,..,,..,,0.457,,0.462,,0.463,,..,,..,,..,,..,,0.450,,0.807,,0.820,,0.816,,0.839,,0.775,,0.754,,0.759,,0.762,,0.763,,0.757,,..,,1.077,,1.087,,1.000,,1.102,,1.081,,1.085,,..,,..,,..,,..,,..,,..,,..,,66,,76,,91,,87,,..,,..,,89,,..,,..,,..,,..,,..,,..,,0.191,,0.157,,..,,..,,0.157,,0.157,,0.191,
Japan,..,,..,,..,,..,,4.4,,5.8,,..,,..,,4.7,,..,,4.7,,..,,..,,..,,0.160,,0.137,,0.149,,..,,..,,..,,..,,0.123,,0.596,,0.622,,0.647,,0.644,,0.645,,0.659,,0.662,,0.661,,0.664,,0.668,,..,,0.912,,0.921,,0.933,,0.942,,0.954,,0.963,,..,,..,,..,,..,,..,,..,,..,,12,,9,,9,,7,,..,,..,,6,,..,,..,,..,,..,,..,,..,,0.119,,0.119,,..,,..,,0.141,,0.153,,0.157,
Jordan,..,,..,,..,,..,,40.6,,31.0,,..,,..,,24.5,,..,,24.5,,..,,..,,..,,0.637,,0.599,,0.513,,..,,..,,..,,..,,0.456,,0.177,,0.196,,0.214,,0.266,,0.287,,0.298,,0.299,,0.305,,0.312,,0.315,,..,,0.406,,0.520,,0.614,,0.751,,0.770,,0.734,,..,,..,,..,,..,,..,,..,,..,,110,,95,,79,,66,,..,,..,,59,,..,,..,,..,,..,,..,,..,,0.026,,0.078,,..,,..,,0.093,,0.093,,0.139,
Kazakhstan,..,,..,,..,,..,,40.0,,28.4,,..,,..,,30.7,,..,,30.7,,..,,..,,..,,0.412,,0.391,,0.360,,..,,..,,..,,..,,0.334,,0.795,,0.788,,0.799,,0.814,,0.848,,0.858,,0.863,,0.868,,0.871,,0.861,,..,,0.821,,0.861,,0.894,,0.929,,0.943,,0.958,,..,,..,,..,,..,,..,,..,,..,,78,,76,,59,,45,,..,,..,,45,,..,,..,,..,,..,,..,,..,,0.126,,0.094,,..,,..,,0.141,,0.158,,0.158,
Kenya,..,,..,,..,,..,,105.7,,104.2,,..,,..,,103.5,,..,,103.5,,..,,..,,..,,0.692,,0.689,,0.655,,..,,..,,..,,..,,0.627,,0.820,,0.823,,0.832,,0.841,,0.852,,0.863,,0.862,,0.861,,0.860,,0.867,,..,,0.255,,0.275,,0.323,,0.369,,0.408,,0.451,,..,,..,,..,,..,,..,,..,,..,,380,,460,,560,,580,,..,,..,,530,,..,,..,,..,,..,,..,,..,,0.037,,0.077,,..,,..,,0.109,,0.109,,0.109,
Kiribati,..,,..,,..,,..,,41.6,,30.1,,..,,..,,..,,..,,..,,..,,..,,..,,..,,..,,..,,..,,..,,..,,..,,..,,..,,..,,..,,..,,..,,..,,..,,..,,..,,..,,..,,..,,..,,..,,..,,..,,..,,..,,..,,..,,..,,..,,..,,..,,..,,..,,..,,..,,..,,..,,..,,..,,..,,..,,..,,..,,..,,..,,0.050,,..,,..,,0.045,,0.045,,0.045,
Korea (Democratic People's Rep. of),..,,..,,..,,..,,1.4,,1.0,,..,,..,,..,,..,,..,,..,,..,,..,,..,,..,,..,,..,,..,,..,,..,,..,,0.688,,0.686,,0.691,,0.686,,0.693,,0.701,,0.703,,0.706,,0.709,,0.711,,..,,..,,..,,..,,..,,..,,..,,..,,..,,..,,..,,..,,..,,..,,270,,270,,260,,250,,..,,..,,250,,..,,..,,..,,..,,..,,..,,0.251,,0.251,,..,,..,,0.251,,0.184,,0.184,
Korea (Republic of),..,,..,,..,,..,,3.0,,2.2,,..,,..,,5.5,,..,,5.5,,..,,..,,..,,0.254,,..,,0.119,,..,,..,,..,,..,,0.111,,0.571,,0.590,,0.642,,0.644,,0.666,,0.682,,0.689,,0.688,,0.691,,0.696,,..,,0.574,,0.673,,0.688,,0.784,,0.819,,0.846,,..,,..,,..,,..,,..,,..,,..,,18,,18,,19,,18,,..,,..,,18,,..,,..,,..,,..,,..,,..,,..,,0.154,,..,,..,,0.159,,0.173,,0.173,
Kuwait,..,,..,,..,,..,,26.9,,16.1,,..,,..,,13.2,,..,,13.2,,..,,..,,..,,0.593,,0.436,,0.359,,..,,..,,..,,..,,0.229,,0.244,,0.349,,0.440,,0.486,,0.521,,0.542,,0.540,,0.540,,0.535,,0.550,,..,,0.843,,1.030,,0.983,,0.931,,1.003,,1.147,,..,,..,,..,,..,,..,,..,,..,,10,,10,,8,,9,,..,,..,,9,,..,,..,,..,,..,,..,,..,,0.001,,0.016,,..,,..,,0.032,,0.083,,0.083,
Kyrgyzstan,..,,..,,..,,..,,37.6,,31.5,,..,,..,,32.3,,..,,32.3,,..,,..,,..,,0.481,,0.454,,..,,..,,..,,..,,..,,0.370,,0.778,,0.772,,0.786,,0.778,,0.759,,0.708,,0.700,,0.701,,0.702,,0.692,,..,,0.783,,0.833,,0.883,,0.922,,0.949,,0.972,,..,,..,,..,,..,,..,,..,,..,,77,,98,,81,,78,,..,,..,,81,,..,,..,,..,,..,,..,,..,,0.064,,0.001,,..,,..,,0.343,,0.343,,0.304,
Lao People's Democratic Republic,..,,..,,..,,..,,55.5,,52.0,,..,,..,,37.4,,..,,37.4,,..,,..,,..,,0.808,,0.573,,0.547,,..,,..,,..,,..,,0.513,,0.956,,0.963,,0.968,,0.973,,0.977,,0.985,,0.986,,0.987,,0.988,,0.985,,..,,0.156,,0.213,,0.319,,0.417,,0.507,,0.568,,..,,..,,..,,..,,..,,..,,..,,"1,200",,970,,790,,650,,..,,..,,580,,..,,..,,..,,..,,..,,..,,0.269,,0.298,,..,,..,,0.337,,0.337,,0.337,
Latvia,..,,..,,..,,..,,21.9,,16.6,,..,,..,,15.2,,..,,15.2,,..,,..,,..,,0.365,,0.299,,0.211,,..,,..,,..,,..,,0.216,,0.839,,0.829,,0.816,,0.751,,0.752,,0.769,,0.773,,0.779,,0.790,,0.773,,..,,0.914,,0.937,,0.948,,0.967,,1.006,,0.976,,..,,..,,..,,..,,..,,..,,..,,57,,58,,42,,21,,..,,..,,20,,..,,..,,..,,..,,..,,..,,0.205,,0.266,,..,,..,,0.250,,0.282,,0.250,
Lebanon,..,,..,,..,,..,,32.0,,19.8,,..,,..,,16.2,,..,,16.2,,..,,..,,..,,..,,..,,..,,..,,..,,..,,..,,0.440,,0.217,,0.212,,0.275,,0.270,,0.279,,0.298,,0.305,,0.312,,0.311,,0.312,,..,,..,,..,,..,,..,,..,,..,,..,,..,,..,,..,,..,,..,,..,,52,,45,,36,,29,,..,,..,,26,,..,,..,,..,,..,,..,,..,,0.024,,0.049,,..,,..,,0.049,,0.032,,0.032,
Lesotho,..,,..,,..,,..,,94.0,,89.6,,..,,..,,73.5,,..,,73.5,,..,,..,,..,,0.557,,0.577,,0.564,,..,,..,,..,,..,,0.532,,0.823,,0.821,,0.815,,0.823,,0.861,,0.890,,0.894,,0.898,,0.902,,0.911,,..,,0.767,,1.000,,1.180,,1.244,,1.229,,1.194,,..,,..,,..,,..,,..,,..,,..,,370,,340,,470,,570,,..,,..,,530,,..,,..,,..,,..,,..,,..,,0.120,,0.205,,..,,..,,0.248,,0.297,,0.297,
Liberia,..,,..,,..,,..,,152.2,,146.1,,..,,..,,141.6,,..,,141.6,,..,,..,,..,,0.848,,0.692,,0.677,,..,,..,,..,,..,,0.671,,0.854,,0.856,,0.837,,0.845,,0.858,,0.869,,0.872,,0.875,,0.878,,0.879,,..,,0.274,,0.274,,0.280,,0.303,,0.335,,0.359,,..,,..,,..,,..,,..,,..,,..,,"1,100",,"1,400",,"1,100",,"1,100",,..,,..,,990,,..,,..,,..,,..,,..,,..,,0.125,,0.160,,..,,..,,0.160,,0.160,,0.160,
Libyan Arab Jamahiriya,..,,..,,..,,..,,4.7,,3.8,,..,,..,,3.2,,..,,3.2,,..,,..,,..,,0.673,,..,,0.375,,..,,..,,..,,..,,0.314,,0.158,,0.170,,0.206,,0.250,,0.300,,0.313,,0.311,,0.308,,0.303,,0.313,,..,,0.331,,0.539,,0.611,,0.749,,0.891,,1.073,,..,,..,,..,,..,,..,,..,,..,,100,,85,,74,,68,,..,,..,,64,,..,,..,,..,,..,,..,,..,,..,,0.050,,..,,..,,0.083,,0.083,,0.083,
Liechtenstein,..,,..,,..,,..,,9.0,,8.0,,..,,..,,..,,..,,..,,..,,..,,..,,..,,..,,..,,..,,..,,..,,..,,..,,..,,..,,..,,..,,..,,..,,..,,..,,..,,..,,..,,..,,..,,..,,..,,..,,..,,..,,..,,..,,..,,..,,..,,..,,..,,..,,..,,..,,..,,..,,..,,..,,..,,..,,..,,..,,..,,..,,0.316,,..,,..,,0.316,,0.316,,0.316,
Lithuania,..,,..,,..,,..,,32.2,,20.6,,..,,..,,21.9,,..,,21.9,,..,,..,,..,,0.277,,..,,0.197,,..,,..,,..,,..,,0.192,,0.823,,0.812,,0.799,,0.775,,0.826,,0.810,,0.819,,0.816,,0.814,,0.809,,..,,0.839,,0.857,,0.875,,0.898,,0.925,,0.929,,..,,..,,..,,..,,..,,..,,..,,34,,21,,20,,12,,..,,..,,13,,..,,..,,..,,..,,..,,..,,..,,0.209,,..,,..,,0.216,,0.237,,0.237,
Luxembourg,..,,..,,..,,..,,10.1,,11.8,,..,,..,,12.3,,..,,12.3,,..,,..,,..,,0.174,,0.169,,0.176,,..,,..,,..,,..,,0.169,,0.457,,0.487,,0.500,,0.534,,0.626,,0.702,,0.731,,0.742,,0.741,,0.759,,..,,0.723,,0.747,,0.792,,0.818,,0.858,,0.882,,..,,..,,..,,..,,..,,..,,..,,6,,11,,11,,17,,..,,..,,17,,..,,..,,..,,..,,..,,..,,0.200,,0.304,,..,,..,,0.304,,0.250,,0.250,
Madagascar,..,,..,,..,,..,,155.1,,149.5,,..,,..,,132.8,,..,,132.8,,..,,..,,..,,..,,..,,..,,..,,..,,..,,..,,..,,0.925,,0.938,,0.943,,0.944,,0.937,,0.943,,0.945,,0.947,,0.949,,0.949,,..,,..,,..,,..,,..,,..,,..,,..,,..,,..,,..,,..,,..,,..,,710,,680,,580,,490,,..,,..,,440,,..,,..,,..,,..,,..,,..,,..,,0.092,,..,,..,,0.134,,..,,0.138,
Malawi,..,,..,,..,,..,,160.9,,159.1,,..,,..,,135.2,,..,,135.2,,..,,..,,..,,0.712,,..,,0.652,,..,,..,,..,,..,,0.594,,0.949,,0.949,,0.952,,0.959,,0.959,,0.950,,0.951,,0.953,,0.955,,0.951,,..,,0.231,,0.256,,0.295,,0.306,,0.334,,0.381,,..,,..,,..,,..,,..,,..,,..,,910,,830,,770,,620,,..,,..,,510,,..,,..,,..,,..,,..,,..,,..,,0.158,,..,,..,,0.149,,0.263,,0.263,
Malaysia,..,,..,,..,,..,,15.0,,15.2,,..,,..,,12.8,,..,,12.8,,..,,..,,..,,0.352,,0.311,,0.305,,..,,..,,..,,..,,0.286,,0.532,,0.532,,0.534,,0.525,,0.548,,0.551,,0.552,,0.554,,0.554,,0.561,,..,,0.579,,0.734,,0.757,,0.814,,0.844,,0.885,,..,,..,,..,,..,,..,,..,,..,,56,,46,,39,,34,,..,,..,,31,,..,,..,,..,,..,,..,,..,,0.170,,0.151,,..,,..,,0.171,,0.163,,0.163,
Maldives,..,,..,,..,,..,,46.6,,23.0,,..,,..,,13.4,,..,,13.4,,..,,..,,..,,0.597,,..,,0.363,,..,,..,,..,,..,,0.320,,0.303,,0.386,,0.401,,0.383,,0.525,,0.671,,0.698,,0.724,,0.752,,0.742,,..,,0.761,,0.770,,0.778,,0.799,,0.828,,0.789,,..,,..,,..,,..,,..,,..,,..,,510,,240,,110,,52,,..,,..,,37,,..,,..,,..,,..,,..,,..,,..,,0.136,,..,,..,,0.136,,0.069,,0.069,
Mali,..,,..,,..,,..,,190.9,,189.5,,..,,..,,162.9,,..,,162.9,,..,,..,,..,,0.726,,0.722,,0.722,,..,,..,,..,,..,,0.712,,0.566,,0.563,,0.542,,0.525,,0.526,,0.543,,0.545,,0.547,,0.548,,0.562,,..,,0.177,,0.218,,0.292,,0.298,,0.321,,0.332,,..,,..,,..,,..,,..,,..,,..,,"1,200",,"1,100",,980,,880,,..,,..,,830,,..,,..,,..,,..,,..,,..,,0.140,,0.114,,..,,..,,0.114,,0.114,,0.114,
Malta,..,,..,,..,,..,,16.5,,16.2,,..,,..,,11.5,,..,,11.5,,..,,..,,..,,0.348,,..,,0.270,,..,,..,,..,,..,,0.272,,0.303,,0.289,,0.309,,0.343,,0.420,,0.442,,0.450,,0.478,,0.500,,0.468,,..,,0.731,,0.767,,0.796,,0.830,,0.848,,0.864,,..,,..,,..,,..,,..,,..,,..,,14,,12,,11,,9,,..,,..,,8,,..,,..,,..,,..,,..,,..,,..,,0.102,,..,,..,,0.095,,0.095,,0.095,
Marshall Islands,..,,..,,..,,..,,97.5,,73.5,,..,,..,,..,,..,,..,,..,,..,,..,,..,,..,,..,,..,,..,,..,,..,,..,,..,,..,,..,,..,,..,,..,,..,,..,,..,,..,,..,,..,,..,,..,,..,,..,,..,,..,,..,,..,,..,,..,,..,,..,,..,,..,,..,,..,,..,,..,,..,,..,,..,,..,,..,,..,,..,,0.031,,0.031,,..,,..,,0.031,,0.031,,0.031,
Mauritania,..,,..,,..,,..,,96.5,,88.0,,..,,..,,90.0,,..,,90.0,,..,,..,,..,,0.779,,0.718,,..,,..,,..,,..,,..,,0.605,,0.629,,0.636,,0.641,,0.657,,0.682,,0.708,,0.711,,0.716,,0.721,,0.728,,..,,0.140,,0.182,,0.236,,0.284,,0.325,,0.355,,..,,..,,..,,..,,..,,..,,..,,780,,710,,640,,590,,..,,..,,550,,..,,..,,..,,..,,..,,..,,0.031,,..,,..,,..,,0.248,,0.238,,0.238,
Mauritius,..,,..,,..,,..,,36.3,,36.5,,..,,..,,39.3,,..,,39.3,,..,,..,,..,,0.476,,..,,0.356,,..,,..,,..,,..,,0.353,,0.372,,0.425,,0.464,,0.482,,0.504,,0.535,,0.543,,0.535,,0.554,,0.546,,..,,0.617,,0.664,,0.647,,0.730,,0.744,,0.825,,..,,..,,..,,..,,..,,..,,..,,72,,67,,28,,32,,..,,..,,36,,..,,..,,..,,..,,..,,..,,..,,0.207,,..,,..,,0.207,,0.207,,0.232,
Mexico,..,,..,,..,,..,,77.8,,74.4,,..,,..,,64.8,,..,,64.8,,..,,..,,..,,0.506,,0.498,,0.463,,..,,..,,..,,..,,0.448,,0.391,,0.409,,0.409,,0.452,,0.470,,0.505,,0.513,,0.523,,0.532,,0.537,,..,,0.703,,0.765,,0.832,,0.844,,0.868,,0.892,,..,,..,,..,,..,,..,,..,,..,,93,,85,,90,,87,,..,,..,,85,,..,,..,,..,,..,,..,,..,,0.189,,0.311,,..,,..,,0.284,,0.351,,0.342,
Micronesia (Federated States of),..,,..,,..,,..,,44.8,,34.3,,..,,..,,25.4,,..,,25.4,,..,,..,,..,,..,,..,,..,,..,,..,,..,,..,,..,,..,,..,,..,,..,,..,,..,,..,,..,,..,,..,,..,,..,,..,,..,,..,,..,,..,,..,,..,,..,,..,,..,,..,,..,,..,,..,,..,,..,,..,,..,,..,,..,,..,,..,,..,,..,,..,,..,,0.001,,..,,..,,0.001,,0.001,,0.001,
Moldova (Republic of),..,,..,,..,,..,,58.1,,37.4,,..,,..,,33.8,,..,,33.8,,..,,..,,..,,0.474,,..,,0.312,,..,,..,,..,,..,,0.298,,0.836,,0.822,,0.822,,0.835,,0.871,,0.921,,0.915,,0.911,,0.905,,0.875,,..,,0.810,,0.837,,0.866,,0.887,,0.902,,0.915,,..,,..,,..,,..,,..,,..,,..,,62,,60,,39,,25,,..,,..,,32,,..,,..,,..,,..,,..,,..,,..,,0.140,,..,,..,,0.278,,0.312,,0.232,
Monaco,..,,..,,..,,..,,7.7,,15.8,,..,,..,,..,,..,,..,,..,,..,,..,,..,,..,,..,,..,,..,,..,,..,,..,,..,,..,,..,,..,,..,,..,,..,,..,,..,,..,,..,,..,,..,,..,,..,,..,,..,,..,,..,,..,,..,,..,,..,,..,,..,,..,,..,,..,,..,,..,,..,,..,,..,,..,,..,,..,,..,,0.286,,0.263,,..,,..,,0.333,,0.353,,0.353,
Mongolia,..,,..,,..,,..,,32.8,,21.8,,..,,..,,16.6,,..,,16.6,,..,,..,,..,,0.315,,..,,0.397,,..,,..,,..,,..,,0.410,,0.835,,0.834,,0.818,,0.830,,0.846,,0.858,,0.860,,0.863,,0.866,,0.867,,..,,0.715,,0.773,,0.887,,0.897,,0.941,,0.980,,..,,..,,..,,..,,..,,..,,..,,130,,110,,93,,79,,..,,..,,65,,..,,..,,..,,..,,..,,..,,..,,0.071,,..,,..,,0.043,,0.041,,0.041,
Montenegro,..,,..,,..,,..,,23.4,,20.9,,..,,..,,14.7,,..,,14.7,,..,,..,,..,,..,,..,,..,,..,,..,,..,,..,,..,,..,,..,,..,,..,,..,,..,,..,,..,,..,,..,,..,,..,,..,,..,,..,,0.987,,..,,..,,..,,..,,..,,..,,..,,..,,15,,18,,20,,17,,..,,..,,15,,..,,..,,..,,..,,..,,..,,..,,..,,..,,..,,0.125,,0.125,,0.125,
Morocco,..,,..,,..,,..,,27.1,,19.5,,..,,..,,18.9,,..,,18.9,,..,,..,,..,,0.706,,0.687,,0.543,,..,,..,,..,,..,,0.510,,0.290,,0.294,,0.301,,0.329,,0.341,,0.328,,0.328,,0.331,,0.331,,0.327,,..,,0.392,,0.414,,0.428,,0.457,,0.489,,0.517,,..,,..,,..,,..,,..,,..,,..,,270,,220,,160,,130,,..,,..,,110,,..,,..,,..,,..,,..,,..,,0.007,,0.068,,..,,..,,0.066,,0.072,,0.072,
Mozambique,..,,..,,..,,..,,117.0,,176.4,,..,,..,,149.2,,..,,149.2,,..,,..,,..,,0.638,,0.617,,0.622,,..,,..,,..,,..,,0.602,,0.975,,0.972,,0.966,,0.977,,0.984,,0.978,,0.977,,0.977,,0.977,,0.976,,..,,1.000,,0.190,,0.205,,0.264,,0.293,,0.284,,..,,..,,..,,..,,..,,..,,..,,"1,000",,890,,780,,640,,..,,..,,550,,..,,..,,..,,..,,..,,..,,0.429,,0.534,,..,,..,,0.534,,0.645,,0.645,
Myanmar,..,,..,,..,,..,,23.7,,19.3,,..,,..,,18.4,,..,,18.4,,..,,..,,..,,..,,..,,..,,..,,..,,..,,..,,0.492,,0.788,,0.781,,0.793,,0.782,,0.766,,0.750,,0.749,,0.748,,0.749,,0.742,,..,,0.426,,0.476,,1.000,,0.985,,1.014,,1.040,,..,,..,,..,,..,,..,,..,,..,,420,,350,,290,,250,,..,,..,,240,,..,,..,,..,,..,,..,,..,,..,,..,,..,,..,,..,,..,,0.042,
Namibia,..,,..,,..,,..,,90.4,,81.7,,..,,..,,74.4,,..,,74.4,,..,,..,,..,,0.505,,0.511,,0.491,,..,,..,,..,,..,,0.466,,0.645,,0.652,,0.748,,0.770,,0.761,,0.800,,0.810,,0.821,,0.833,,0.828,,..,,0.784,,0.813,,0.877,,0.929,,1.021,,1.063,,..,,..,,..,,..,,..,,..,,..,,180,,170,,220,,240,,..,,..,,180,,..,,..,,..,,..,,..,,..,,0.256,,0.368,,..,,..,,0.368,,0.368,,0.333,
Nauru,..,,..,,..,,..,,45.6,,38.5,,..,,..,,..,,..,,..,,..,,..,,..,,..,,..,,..,,..,,..,,..,,..,,..,,..,,..,,..,,..,,..,,..,,..,,..,,..,,..,,..,,..,,..,,..,,..,,..,,..,,..,,..,,..,,..,,..,,..,,..,,..,,..,,..,,..,,..,,..,,..,,..,,..,,..,,..,,..,,..,,..,,0.001,,..,,..,,0.001,,0.001,,0.001,
Nepal,..,,..,,..,,..,,129.1,,119.9,,..,,..,,101.4,,..,,101.4,,..,,..,,..,,0.724,,0.680,,0.665,,..,,..,,..,,..,,0.558,,0.523,,0.563,,0.619,,0.678,,0.737,,0.766,,0.772,,0.780,,0.789,,0.788,,..,,0.077,,0.183,,0.253,,0.273,,0.315,,0.387,,..,,..,,..,,..,,..,,..,,..,,870,,700,,550,,440,,..,,..,,380,,..,,..,,..,,..,,..,,..,,0.086,,0.069,,..,,..,,0.496,,0.496,,0.496,
Netherlands,..,,..,,..,,..,,6.2,,7.1,,..,,..,,3.8,,..,,3.8,,..,,..,,..,,0.095,,0.090,,0.077,,..,,..,,..,,..,,0.052,,0.571,,0.567,,0.611,,0.676,,0.731,,0.783,,0.789,,0.801,,0.808,,0.816,,..,,0.889,,0.912,,0.928,,0.945,,0.955,,0.958,,..,,..,,..,,..,,..,,..,,..,,10,,11,,13,,8,,..,,..,,9,,..,,..,,..,,..,,..,,..,,0.490,,0.520,,..,,..,,0.642,,0.654,,0.607,
New Zealand,..,,..,,..,,..,,31.5,,27.1,,..,,..,,22.6,,..,,22.6,,..,,..,,..,,0.208,,0.195,,0.189,,..,,..,,..,,..,,0.195,,0.651,,0.680,,0.720,,0.746,,0.774,,0.806,,0.806,,0.810,,0.820,,0.817,,..,,0.914,,0.912,,0.912,,0.936,,0.955,,0.965,,..,,..,,..,,..,,..,,..,,..,,18,,13,,12,,14,,..,,..,,14,,..,,..,,..,,..,,..,,..,,0.446,,0.476,,..,,..,,0.506,,0.506,,0.506,
Nicaragua,..,,..,,..,,..,,132.6,,119.4,,..,,..,,112.7,,..,,112.7,,..,,..,,..,,0.629,,..,,0.529,,..,,..,,..,,..,,0.506,,0.470,,0.454,,0.462,,0.405,,0.443,,0.536,,0.557,,0.568,,0.578,,0.601,,..,,0.249,,0.306,,0.399,,0.472,,0.548,,0.622,,..,,..,,..,,..,,..,,..,,..,,190,,170,,140,,110,,..,,..,,100,,..,,..,,..,,..,,..,,..,,..,,0.260,,..,,..,,0.227,,0.260,,0.260,
Niger,..,,..,,..,,..,,220.6,,213.5,,..,,..,,157.4,,..,,157.4,,..,,..,,..,,0.832,,0.821,,0.737,,..,,..,,..,,..,,0.724,,0.274,,0.282,,0.298,,0.363,,0.433,,0.444,,0.439,,0.435,,0.427,,0.444,,..,,0.225,,0.259,,0.264,,0.208,,0.247,,0.280,,..,,..,,..,,..,,..,,..,,..,,"1,400",,"1,300",,"1,100",,910,,..,,..,,820,,..,,..,,..,,..,,..,,..,,0.012,,0.141,,..,,..,,0.141,,0.108,,..,
Nigeria,..,,..,,..,,..,,135.2,,127.2,,..,,..,,126.6,,..,,126.6,,..,,..,,..,,..,,..,,..,,..,,..,,..,,..,,..,,0.470,,0.475,,0.477,,0.495,,0.517,,0.525,,0.526,,0.527,,0.529,,0.534,,..,,..,,..,,..,,..,,..,,..,,..,,..,,..,,..,,..,,..,,..,,"1,100",,"1,100",,980,,900,,..,,..,,840,,..,,..,,..,,..,,..,,..,,0.034,,0.061,,..,,..,,0.079,,0.079,,0.079,
Norway,..,,..,,..,,..,,12.6,,9.6,,..,,..,,8.6,,..,,8.6,,..,,..,,..,,0.106,,0.105,,0.083,,..,,..,,..,,..,,0.075,,0.680,,0.734,,0.779,,0.823,,0.838,,0.863,,0.862,,0.875,,0.882,,0.887,,..,,0.742,,0.844,,0.896,,0.913,,0.929,,1.000,,..,,..,,..,,..,,..,,..,,..,,9,,4,,8,,9,,..,,..,,7,,..,,..,,..,,..,,..,,..,,0.571,,0.610,,..,,..,,0.565,,0.657,,0.657,
Occupied Palestinian Territory,..,,..,,..,,..,,96.5,,71.4,,..,,..,,78.7,,..,,78.7,,..,,..,,..,,..,,..,,..,,..,,..,,..,,..,,..,,0.156,,0.167,,0.169,,0.166,,0.156,,0.206,,0.213,,0.219,,0.226,,0.242,,..,,..,,..,,..,,..,,0.809,,..,,..,,..,,..,,..,,..,,..,,..,,..,,..,,..,,..,,..,,..,,..,,..,,..,,..,,..,,..,,..,,..,,..,,..,,..,,..,,..,,..,
Oman,..,,..,,..,,..,,43.2,,18.1,,..,,..,,10.4,,..,,10.4,,..,,..,,..,,..,,..,,..,,..,,..,,..,,..,,0.309,,0.271,,0.224,,0.233,,0.249,,0.296,,0.317,,0.319,,0.321,,0.323,,0.330,,..,,..,,..,,..,,..,,..,,..,,..,,..,,..,,..,,..,,..,,..,,49,,35,,27,,22,,..,,..,,20,,..,,..,,..,,..,,..,,..,,..,,0.085,,..,,..,,0.100,,0.099,,0.099,
Pakistan,..,,..,,..,,..,,60.0,,41.3,,..,,..,,45.7,,..,,45.7,,..,,..,,..,,0.773,,..,,0.611,,..,,..,,..,,..,,0.573,,0.136,,0.136,,0.159,,0.150,,0.191,,0.229,,0.246,,0.251,,0.252,,0.256,,..,,0.086,,0.265,,0.270,,0.327,,0.381,,0.448,,..,,..,,..,,..,,..,,..,,..,,490,,410,,340,,290,,..,,..,,260,,..,,..,,..,,..,,..,,..,,..,,0.259,,..,,..,,0.270,,0.266,,0.266,
Palau,..,,..,,..,,..,,17.3,,15.2,,..,,..,,..,,..,,..,,..,,..,,..,,..,,..,,..,,..,,..,,..,,..,,..,,..,,..,,..,,..,,..,,..,,..,,..,,..,,..,,..,,..,,..,,..,,..,,..,,..,,..,,..,,..,,..,,..,,..,,..,,..,,..,,..,,..,,..,,..,,..,,..,,..,,..,,..,,..,,..,,0.034,,0.001,,..,,..,,0.074,,0.074,,0.074,
Panama,..,,..,,..,,..,,93.2,,89.0,,..,,..,,82.6,,..,,82.6,,..,,..,,..,,0.503,,..,,0.460,,..,,..,,..,,..,,0.492,,0.402,,0.451,,0.489,,0.522,,0.552,,0.592,,0.578,,0.588,,0.588,,0.600,,..,,1.045,,1.032,,1.051,,1.049,,1.049,,1.049,,..,,..,,..,,..,,..,,..,,..,,86,,71,,71,,71,,..,,..,,71,,..,,..,,..,,..,,..,,..,,..,,0.200,,..,,..,,0.200,,0.092,,0.092,
Papua New Guinea,..,,..,,..,,..,,75.6,,71.0,,..,,..,,55.0,,..,,55.0,,..,,..,,..,,0.661,,0.658,,0.682,,..,,..,,..,,..,,0.674,,0.959,,0.962,,0.962,,0.969,,0.967,,0.965,,0.965,,0.966,,0.967,,0.965,,..,,0.356,,0.372,,0.464,,0.466,,0.479,,0.493,,..,,..,,..,,..,,..,,..,,..,,340,,300,,290,,270,,..,,..,,250,,..,,..,,..,,..,,..,,..,,0.019,,0.009,,..,,..,,0.009,,0.009,,0.009,
Paraguay,..,,..,,..,,..,,91.9,,82.3,,..,,..,,72.3,,..,,72.3,,..,,..,,..,,0.566,,0.541,,0.511,,..,,..,,..,,..,,0.476,,0.490,,0.522,,0.543,,0.565,,0.596,,0.639,,0.647,,0.653,,0.638,,0.658,,..,,0.792,,0.820,,0.862,,0.901,,0.856,,0.878,,..,,..,,..,,..,,..,,..,,..,,130,,120,,110,,100,,..,,..,,95,,..,,..,,..,,..,,..,,..,,0.087,,0.106,,..,,..,,0.157,,0.157,,0.157,
Peru,..,,..,,..,,..,,70.5,,61.5,,..,,..,,54.7,,..,,54.7,,..,,..,,..,,0.547,,..,,0.460,,..,,..,,..,,..,,0.415,,0.609,,0.662,,0.654,,0.670,,0.715,,0.751,,0.753,,0.755,,0.756,,0.767,,..,,0.701,,0.722,,0.784,,0.788,,0.808,,0.810,,..,,..,,..,,..,,..,,..,,..,,250,,220,,160,,120,,..,,..,,98,,..,,..,,..,,..,,..,,..,,..,,0.224,,..,,..,,0.412,,0.379,,0.379,
Philippines,..,,..,,..,,..,,49.1,,53.9,,..,,..,,45.0,,..,,45.0,,..,,..,,..,,0.490,,0.477,,0.458,,..,,..,,..,,..,,0.427,,0.625,,0.592,,0.573,,0.590,,0.595,,0.622,,0.613,,0.613,,0.617,,0.627,,..,,0.867,,0.912,,0.928,,0.961,,0.989,,1.014,,..,,..,,..,,..,,..,,..,,..,,180,,140,,120,,110,,..,,..,,94,,..,,..,,..,,..,,..,,..,,0.134,,0.182,,..,,..,,0.254,,0.261,,0.273,
Poland,..,,..,,..,,..,,20.4,,14.9,,..,,..,,13.9,,..,,13.9,,..,,..,,..,,0.236,,0.208,,0.160,,..,,..,,..,,..,,0.164,,0.773,,0.762,,0.766,,0.769,,0.782,,0.760,,0.750,,0.746,,0.742,,0.747,,..,,0.740,,0.790,,1.247,,0.864,,0.910,,0.927,,..,,..,,..,,..,,..,,..,,..,,17,,14,,8,,5,,..,,..,,6,,..,,..,,..,,..,,..,,..,,0.145,,0.236,,..,,..,,0.220,,0.217,,0.217,
Portugal,..,,..,,..,,..,,20.7,,20.2,,..,,..,,16.5,,..,,16.5,,..,,..,,..,,0.216,,0.189,,0.170,,..,,..,,..,,..,,0.140,,0.567,,0.633,,0.665,,0.719,,0.757,,0.800,,0.801,,0.809,,0.808,,0.809,,..,,0.669,,0.755,,0.796,,0.876,,0.931,,0.942,,..,,..,,..,,..,,..,,..,,..,,15,,10,,9,,8,,..,,..,,7,,..,,..,,..,,..,,..,,..,,0.211,,0.271,,..,,..,,0.394,,0.377,,0.377,
Qatar,..,,..,,..,,..,,24.2,,18.6,,..,,..,,15.9,,..,,15.9,,..,,..,,..,,..,,..,,..,,..,,..,,..,,..,,0.549,,0.253,,0.401,,0.428,,0.451,,0.400,,0.496,,0.508,,0.517,,0.520,,0.537,,..,,0.929,,1.025,,1.107,,1.143,,1.133,,1.091,,..,,..,,..,,..,,..,,..,,..,,15,,13,,11,,9,,..,,..,,8,,..,,..,,..,,..,,..,,..,,..,,..,,..,,..,,0.001,,0.001,,0.001,
Romania,..,,..,,..,,..,,41.9,,35.0,,..,,..,,31.2,,..,,31.2,,..,,..,,..,,0.458,,..,,0.345,,..,,..,,..,,..,,0.333,,0.824,,0.827,,0.821,,0.819,,0.817,,0.763,,0.766,,0.759,,0.747,,0.757,,..,,0.664,,0.759,,0.830,,0.860,,0.892,,0.910,,..,,..,,..,,..,,..,,..,,..,,170,,72,,52,,31,,..,,..,,27,,..,,..,,..,,..,,..,,..,,..,,0.120,,..,,..,,0.108,,0.108,,0.108,
Russian Federation,..,,..,,..,,..,,35.7,,27.9,,..,,..,,25.1,,..,,25.1,,..,,..,,..,,0.429,,0.429,,0.358,,..,,..,,..,,..,,0.338,,0.792,,0.780,,0.791,,0.772,,0.793,,0.816,,0.821,,0.816,,0.820,,0.830,,..,,0.796,,0.826,,0.851,,0.930,,0.908,,0.934,,..,,..,,..,,..,,..,,..,,..,,74,,72,,57,,39,,..,,..,,39,,..,,..,,..,,..,,..,,..,,0.060,,0.087,,..,,..,,0.130,,0.130,,0.130,
Rwanda,..,,..,,..,,..,,53.5,,44.7,,..,,..,,36.7,,..,,36.7,,..,,..,,..,,0.579,,0.554,,0.491,,..,,..,,..,,..,,0.453,,0.995,,0.982,,0.971,,0.963,,0.991,,1.014,,1.015,,1.015,,1.015,,1.019,,..,,0.431,,0.505,,0.628,,0.766,,0.847,,0.877,,..,,..,,..,,..,,..,,..,,..,,"1,100",,"1,400",,"1,100",,720,,..,,..,,540,,..,,..,,..,,..,,..,,..,,0.346,,0.828,,..,,..,,1.038,,1.038,,1.038,
Saint Kitts and Nevis,..,,..,,..,,..,,71.5,,55.2,,..,,..,,..,,..,,..,,..,,..,,..,,..,,..,,..,,..,,..,,..,,..,,..,,..,,..,,..,,..,,..,,..,,..,,..,,..,,..,,..,,..,,..,,..,,..,,..,,..,,..,,..,,..,,..,,..,,..,,..,,..,,..,,..,,..,,..,,..,,..,,..,,..,,..,,..,,..,,..,,0.154,,0.000,,..,,..,,0.071,,0.071,,0.071,
Saint Lucia,..,,..,,..,,..,,69.8,,62.0,,..,,..,,61.6,,..,,61.6,,..,,..,,..,,..,,..,,..,,..,,..,,..,,..,,..,,0.424,,0.453,,0.550,,0.574,,0.608,,0.651,,0.658,,0.662,,0.667,,0.673,,..,,..,,..,,..,,..,,..,,..,,..,,..,,..,,..,,..,,..,,..,,..,,..,,..,,..,,..,,..,,..,,..,,..,,..,,..,,..,,..,,0.160,,0.261,,..,,..,,0.208,,0.261,,0.261,
Saint Vincent and the Grenadines,..,,..,,..,,..,,76.1,,64.6,,..,,..,,58.9,,..,,58.9,,..,,..,,..,,..,,..,,..,,..,,..,,..,,..,,..,,0.459,,0.514,,0.548,,0.583,,0.634,,0.675,,0.691,,0.703,,0.706,,0.711,,..,,..,,..,,..,,..,,..,,..,,..,,..,,..,,..,,..,,..,,..,,..,,..,,..,,..,,..,,..,,..,,..,,..,,..,,..,,..,,..,,..,,0.222,,..,,..,,0.222,,0.278,,0.167,
Samoa,..,,..,,..,,..,,45.4,,36.8,,..,,..,,27.6,,..,,27.6,,..,,..,,..,,..,,..,,..,,..,,..,,..,,..,,..,,0.523,,0.521,,0.520,,0.516,,0.514,,0.503,,0.501,,0.500,,0.498,,0.503,,..,,..,,..,,..,,..,,..,,..,,..,,..,,..,,..,,..,,..,,..,,..,,..,,..,,..,,..,,..,,..,,..,,..,,..,,..,,..,,..,,..,,0.065,,..,,..,,0.089,,0.089,,0.043,
San Marino,..,,..,,..,,..,,2.7,,2.6,,..,,..,,..,,..,,..,,..,,..,,..,,..,,..,,..,,..,,..,,..,,..,,..,,..,,..,,..,,..,,..,,..,,..,,..,,..,,..,,..,,..,,..,,..,,..,,..,,..,,..,,..,,..,,..,,..,,..,,..,,..,,..,,..,,..,,..,,..,,..,,..,,..,,..,,..,,..,,..,,0.154,,0.200,,..,,..,,0.176,,0.200,,0.200,
Sao Tome and Principe,..,,..,,..,,..,,94.6,,80.0,,..,,..,,66.1,,..,,66.1,,..,,..,,..,,..,,..,,..,,..,,..,,..,,..,,..,,0.447,,0.462,,0.479,,0.512,,0.563,,0.571,,0.574,,0.578,,0.583,,0.585,,..,,..,,..,,..,,..,,..,,..,,..,,..,,..,,..,,..,,..,,..,,..,,..,,..,,..,,..,,..,,..,,..,,..,,..,,..,,..,,..,,..,,0.100,,..,,..,,0.078,,0.078,,0.222,
Saudi Arabia,..,,..,,..,,..,,37.3,,20.6,,..,,..,,26.1,,..,,26.1,,..,,..,,..,,..,,..,,0.682,,..,,..,,..,,..,,0.646,,0.128,,0.175,,0.188,,0.191,,0.221,,0.247,,0.252,,0.256,,0.260,,0.266,,..,,0.290,,0.366,,0.512,,0.594,,0.679,,0.807,,..,,..,,..,,..,,..,,..,,..,,41,,32,,28,,25,,..,,..,,24,,..,,..,,..,,..,,..,,..,,..,,0.001,,..,,..,,0.001,,0.001,,0.001,
Senegal,..,,..,,..,,..,,112.4,,107.7,,..,,..,,104.4,,..,,104.4,,..,,..,,..,,0.651,,0.629,,0.600,,..,,..,,..,,..,,0.566,,0.705,,0.685,,0.689,,0.695,,0.705,,0.718,,0.721,,0.724,,0.727,,0.732,,..,,0.446,,0.464,,0.476,,0.510,,0.534,,0.539,,..,,..,,..,,..,,..,,..,,..,,750,,690,,560,,460,,..,,..,,410,,..,,..,,..,,..,,..,,..,,0.163,,0.237,,..,,..,,0.412,,0.420,,0.420,
Serbia,..,,..,,..,,..,,28.0,,25.8,,..,,..,,22.1,,..,,22.1,,..,,..,,..,,..,,..,,..,,..,,..,,..,,..,,..,,..,,..,,..,,..,,..,,..,,..,,..,,..,,..,,..,,0.509,,0.573,,0.648,,0.717,,0.773,,0.814,,..,,..,,..,,..,,..,,..,,..,,13,,15,,9,,8,,..,,..,,8,,..,,..,,..,,..,,..,,..,,..,,..,,..,,..,,0.276,,0.276,,0.276,
Seychelles,..,,..,,..,,..,,57.9,,54.2,,..,,..,,..,,..,,..,,..,,..,,..,,..,,..,,..,,..,,..,,..,,..,,..,,..,,..,,..,,..,,..,,..,,..,,..,,..,,..,,..,,..,,..,,..,,..,,1.005,,..,,..,,..,,..,,..,,..,,..,,..,,..,,..,,..,,..,,..,,..,,..,,..,,..,,..,,..,,..,,..,,0.308,,0.417,,..,,..,,0.308,,0.308,,0.308,
Sierra Leone,..,,..,,..,,..,,150.9,,143.4,,..,,..,,126.0,,..,,126.0,,..,,..,,..,,..,,..,,0.663,,..,,..,,..,,..,,0.662,,0.967,,0.961,,0.967,,0.988,,1.000,,0.984,,0.980,,0.975,,0.971,,0.970,,..,,0.356,,0.374,,0.376,,0.360,,0.390,,0.411,,..,,..,,..,,..,,..,,..,,..,,"1,300",,"1,400",,"1,300",,"1,100",,..,,..,,970,,..,,..,,..,,..,,..,,..,,..,,0.170,,..,,..,,0.152,,0.152,,0.152,
Singapore,..,,..,,..,,..,,8.0,,7.0,,..,,..,,4.5,,..,,4.5,,..,,..,,..,,0.235,,..,,0.138,,..,,..,,..,,..,,0.086,,0.549,,0.557,,0.640,,0.630,,0.665,,0.692,,0.699,,0.696,,0.715,,0.711,,..,,0.676,,0.869,,0.947,,0.895,,0.874,,0.823,,..,,..,,..,,..,,..,,..,,..,,6,,6,,15,,10,,..,,..,,9,,..,,..,,..,,..,,..,,..,,..,,0.190,,..,,..,,0.324,,0.306,,0.306,
Slovakia,..,,..,,..,,..,,27.4,,20.7,,..,,..,,20.7,,..,,20.7,,..,,..,,..,,0.241,,0.249,,0.195,,..,,..,,..,,..,,0.194,,0.826,,0.825,,0.817,,0.748,,0.772,,0.747,,0.742,,0.745,,0.745,,0.747,,..,,0.647,,0.704,,0.736,,0.752,,0.817,,0.895,,..,,..,,..,,..,,..,,..,,..,,15,,11,,13,,6,,..,,..,,6,,..,,..,,..,,..,,..,,..,,0.163,,0.200,,..,,..,,0.240,,0.220,,0.190,
Slovenia,..,,..,,..,,..,,12.8,,8.5,,..,,..,,4.9,,..,,4.9,,..,,..,,..,,0.243,,..,,0.203,,..,,..,,..,,..,,0.175,,0.788,,0.787,,0.798,,0.787,,0.802,,0.799,,0.809,,0.804,,0.816,,0.807,,..,,0.500,,0.529,,0.570,,0.606,,0.713,,0.692,,..,,..,,..,,..,,..,,..,,..,,11,,11,,12,,15,,..,,..,,18,,..,,..,,..,,..,,..,,..,,..,,0.121,,..,,..,,0.111,,0.121,,0.121,
Solomon Islands,..,,..,,..,,..,,71.1,,70.1,,..,,..,,41.8,,..,,41.8,,..,,..,,..,,..,,..,,..,,..,,..,,..,,..,,..,,0.513,,0.508,,0.507,,0.505,,0.494,,0.488,,0.486,,0.486,,0.485,,0.484,,..,,..,,..,,..,,..,,..,,..,,..,,..,,..,,..,,..,,..,,..,,130,,110,,110,,110,,..,,..,,100,,..,,..,,..,,..,,..,,..,,0.021,,0.001,,..,,..,,0.001,,0.001,,0.001,
Somalia,..,,..,,..,,..,,72.5,,71.9,,..,,..,,70.1,,..,,70.1,,..,,..,,..,,..,,..,,..,,..,,..,,..,,..,,..,,0.649,,0.673,,0.691,,0.708,,0.690,,0.675,,0.673,,0.670,,0.668,,0.667,,..,,..,,..,,..,,..,,..,,..,,..,,..,,..,,..,,..,,..,,..,,"1,100",,"1,200",,"1,200",,"1,200",,..,,..,,"1,200",,..,,..,,..,,..,,..,,..,,..,,0.087,,..,,..,,0.089,,0.074,,0.073,
South Africa,..,,..,,..,,..,,80.6,,70.7,,..,,..,,59.2,,..,,59.2,,..,,..,,..,,0.518,,0.526,,0.520,,..,,..,,..,,..,,0.490,,0.503,,0.532,,0.576,,0.661,,0.727,,0.745,,0.741,,0.737,,0.740,,0.740,,..,,1.083,,0.925,,0.943,,0.972,,0.928,,0.957,,..,,..,,..,,..,,..,,..,,..,,230,,260,,380,,440,,..,,..,,410,,..,,..,,..,,..,,..,,..,,0.430,,0.489,,..,,..,,0.513,,0.746,,0.746,
Spain,..,,..,,..,,..,,8.1,,10.3,,..,,..,,12.1,,..,,12.1,,..,,..,,..,,0.145,,0.119,,0.118,,..,,..,,..,,..,,0.117,,0.368,,0.398,,0.501,,0.572,,0.619,,0.673,,0.693,,0.705,,0.724,,0.718,,..,,0.689,,0.757,,0.791,,0.864,,0.905,,0.893,,..,,..,,..,,..,,..,,..,,..,,7,,4,,5,,6,,..,,..,,6,,..,,..,,..,,..,,..,,..,,0.350,,0.440,,..,,..,,0.506,,0.517,,0.533,
Sri Lanka,..,,..,,..,,..,,28.0,,27.9,,..,,..,,29.8,,..,,29.8,,..,,..,,..,,0.473,,..,,0.447,,..,,..,,..,,..,,0.419,,0.496,,0.461,,0.472,,0.474,,0.474,,0.454,,0.485,,0.466,,0.461,,0.456,,..,,0.844,,0.845,,0.892,,0.928,,0.951,,0.961,,..,,..,,..,,..,,..,,..,,..,,91,,73,,59,,45,,..,,..,,39,,..,,..,,..,,..,,..,,..,,..,,0.051,,..,,..,,0.061,,0.061,,0.056,
Sudan*,..,,..,,..,,..,,87.1,,73.6,,..,,..,,56.8,,..,,56.8,,..,,..,,..,,0.718,,..,,0.653,,..,,..,,..,,..,,0.611,,0.364,,0.358,,0.348,,0.362,,0.384,,0.404,,0.407,,0.412,,0.418,,0.417,,..,,0.260,,0.284,,0.368,,0.493,,0.579,,0.646,,..,,..,,..,,..,,..,,..,,..,,830,,780,,770,,760,,..,,..,,750,,..,,..,,..,,..,,..,,..,,..,,0.157,,..,,..,,0.202,,0.214,,0.319,
Suriname,..,,..,,..,,..,,50.8,,44.8,,..,,..,,39.5,,..,,39.5,,..,,..,,..,,..,,..,,..,,..,,..,,..,,..,,..,,0.513,,0.536,,0.528,,0.496,,0.515,,0.551,,0.558,,0.566,,0.577,,0.583,,..,,..,,..,,..,,..,,..,,..,,..,,..,,..,,..,,..,,..,,..,,84,,39,,110,,100,,..,,..,,100,,..,,..,,..,,..,,..,,..,,..,,0.342,,..,,..,,0.342,,0.342,,0.109,
Swaziland,..,,..,,..,,..,,109.4,,102.4,,..,,..,,83.9,,..,,83.9,,..,,..,,..,,0.571,,0.607,,0.573,,..,,..,,..,,..,,0.546,,0.554,,0.550,,0.556,,0.561,,0.619,,0.667,,0.679,,0.691,,0.704,,0.709,,..,,1.013,,1.616,,1.555,,1.447,,1.341,,1.217,,..,,..,,..,,..,,..,,..,,..,,260,,220,,340,,440,,..,,..,,420,,..,,..,,..,,..,,..,,..,,0.067,,0.203,,..,,..,,0.284,,0.280,,0.280,
Sweden,..,,..,,..,,..,,8.9,,8.1,,..,,..,,7.7,,..,,7.7,,..,,..,,..,,0.076,,0.073,,0.065,,..,,..,,..,,..,,0.049,,0.795,,0.849,,0.876,,0.868,,0.871,,0.874,,0.873,,0.877,,0.875,,0.875,,..,,0.922,,0.951,,0.970,,0.983,,1.005,,1.016,,..,,..,,..,,..,,..,,..,,..,,7,,5,,5,,4,,..,,..,,5,,..,,..,,..,,..,,..,,..,,0.745,,0.827,,..,,..,,0.886,,0.866,,0.818,
Switzerland,..,,..,,..,,..,,5.7,,5.3,,..,,..,,5.5,,..,,5.5,,..,,..,,..,,0.109,,0.100,,0.084,,..,,..,,..,,..,,0.067,,0.673,,0.684,,0.702,,0.710,,0.744,,0.791,,0.794,,0.793,,0.816,,0.822,,..,,0.908,,0.839,,0.822,,0.812,,0.800,,0.842,,..,,..,,..,,..,,..,,..,,..,,8,,8,,7,,8,,..,,..,,10,,..,,..,,..,,..,,..,,..,,0.288,,0.330,,..,,..,,0.374,,0.382,,0.382,
Syrian Arab Republic,..,,..,,..,,..,,51.9,,45.5,,..,,..,,61.1,,..,,61.1,,..,,..,,..,,0.537,,..,,0.497,,..,,..,,..,,..,,0.474,,0.160,,0.173,,0.223,,0.282,,0.254,,0.253,,0.256,,0.260,,0.262,,0.265,,..,,0.309,,0.450,,0.622,,0.852,,1.077,,0.922,,..,,..,,..,,..,,..,,..,,..,,120,,77,,58,,50,,..,,..,,46,,..,,..,,..,,..,,..,,..,,..,,0.136,,..,,..,,0.142,,0.142,,0.142,
Tajikistan,..,,..,,..,,..,,35.8,,31.5,,..,,..,,28.4,,..,,28.4,,..,,..,,..,,0.557,,0.439,,0.368,,..,,..,,..,,..,,0.347,,0.734,,0.731,,0.732,,0.657,,0.666,,0.712,,0.717,,0.722,,0.725,,0.734,,..,,0.759,,0.814,,0.852,,0.899,,0.932,,0.973,,..,,..,,..,,..,,..,,..,,..,,120,,170,,120,,75,,..,,..,,64,,..,,..,,..,,..,,..,,..,,0.162,,0.244,,..,,..,,0.244,,0.244,,0.213,
Tanzania (United Republic of),..,,..,,..,,..,,133.3,,132.0,,..,,..,,130.4,,..,,130.4,,..,,..,,..,,0.648,,..,,0.606,,..,,..,,..,,..,,0.590,,0.948,,0.950,,0.952,,0.956,,0.958,,0.956,,0.955,,0.954,,0.954,,0.953,,..,,0.265,,0.314,,0.355,,0.413,,0.531,,0.566,,..,,..,,..,,..,,..,,..,,..,,880,,920,,920,,860,,..,,..,,790,,..,,..,,..,,..,,..,,..,,..,,0.437,,..,,..,,0.437,,0.442,,0.563,
Thailand,..,,..,,..,,..,,45.8,,43.6,,..,,..,,37.3,,..,,37.3,,..,,..,,..,,0.448,,0.454,,0.404,,..,,..,,..,,..,,0.382,,0.869,,0.864,,0.863,,0.796,,0.813,,0.816,,0.806,,0.811,,0.813,,0.811,,..,,0.524,,0.586,,0.650,,0.668,,0.714,,0.766,,..,,..,,..,,..,,..,,..,,..,,50,,52,,63,,51,,..,,..,,48,,..,,..,,..,,..,,..,,..,,0.073,,0.118,,..,,..,,0.145,,0.162,,0.162,
The former Yugoslav Republic of Macedonia,..,,..,,..,,..,,33.4,,26.3,,..,,..,,21.7,,..,,21.7,,..,,..,,..,,..,,..,,..,,..,,..,,..,,..,,0.151,,0.697,,0.685,,0.679,,0.645,,0.625,,0.657,,0.629,,0.644,,0.645,,0.659,,..,,..,,..,,..,,..,,0.723,,..,,..,,..,,..,,..,,..,,..,,..,,16,,14,,15,,10,,..,,..,,9,,..,,..,,..,,..,,..,,..,,..,,0.237,,..,,..,,0.463,,0.481,,0.481,
Timor-Leste,..,,..,,..,,..,,71.9,,70.1,,..,,..,,53.8,,..,,53.8,,..,,..,,..,,..,,..,,..,,..,,..,,..,,..,,..,,0.713,,0.704,,0.706,,0.697,,0.699,,0.712,,0.713,,0.713,,0.712,,0.712,,..,,..,,..,,..,,..,,..,,..,,..,,..,,..,,..,,..,,..,,..,,650,,590,,520,,420,,..,,..,,370,,..,,..,,..,,..,,..,,..,,..,,0.338,,..,,..,,0.413,,0.413,,0.413,
Togo,..,,..,,..,,..,,93.9,,78.9,,..,,..,,64.8,,..,,64.8,,..,,..,,..,,0.746,,..,,0.640,,..,,..,,..,,..,,0.602,,0.625,,0.630,,0.642,,0.670,,0.695,,0.721,,0.726,,0.732,,0.737,,0.743,,..,,0.299,,0.294,,0.314,,0.317,,0.326,,0.331,,..,,..,,..,,..,,..,,..,,..,,650,,550,,450,,380,,..,,..,,350,,..,,..,,..,,..,,..,,..,,..,,0.080,,..,,..,,0.125,,0.125,,0.125,
Tonga,..,,..,,..,,..,,22.5,,21.3,,..,,..,,22.8,,..,,22.8,,..,,..,,..,,..,,..,,..,,..,,..,,..,,..,,..,,0.555,,0.558,,0.556,,0.554,,0.642,,0.711,,0.712,,0.711,,0.710,,0.731,,..,,0.904,,0.924,,0.910,,0.955,,0.983,,0.981,,..,,..,,..,,..,,..,,..,,..,,..,,..,,..,,..,,..,,..,,..,,..,,..,,..,,..,,..,,..,,0.001,,0.036,,..,,..,,0.032,,0.032,,0.037,
Trinidad and Tobago,..,,..,,..,,..,,42.1,,35.4,,..,,..,,34.6,,..,,34.6,,..,,..,,..,,0.416,,..,,0.337,,..,,..,,..,,..,,0.331,,0.527,,0.536,,0.508,,0.593,,0.613,,0.702,,0.707,,0.682,,0.698,,0.705,,..,,0.985,,1.000,,1.011,,1.019,,1.012,,1.014,,..,,..,,..,,..,,..,,..,,..,,86,,90,,59,,55,,..,,..,,55,,..,,..,,..,,..,,..,,..,,..,,0.340,,..,,..,,0.500,,0.500,,0.377,
Tunisia,..,,..,,..,,..,,8.4,,6.5,,..,,..,,6.9,,..,,6.9,,..,,..,,..,,0.424,,..,,0.335,,..,,..,,..,,..,,0.293,,0.237,,0.255,,0.275,,0.305,,0.330,,0.351,,0.355,,0.357,,0.359,,0.362,,..,,0.345,,0.383,,0.449,,0.501,,0.552,,0.619,,..,,..,,..,,..,,..,,..,,..,,130,,110,,83,,67,,..,,..,,60,,..,,..,,..,,..,,..,,..,,..,,0.239,,..,,..,,0.249,,0.304,,..,
Turkey,..,,..,,..,,..,,52.0,,42.8,,..,,..,,38.8,,..,,38.8,,..,,..,,..,,0.591,,..,,0.515,,..,,..,,..,,..,,0.443,,0.367,,0.383,,0.424,,0.398,,0.362,,0.344,,0.347,,0.346,,0.355,,0.344,,..,,0.411,,0.441,,0.464,,0.461,,0.502,,0.539,,..,,..,,..,,..,,..,,..,,..,,68,,51,,39,,29,,..,,..,,23,,..,,..,,..,,..,,..,,..,,..,,0.046,,..,,..,,0.100,,0.100,,0.100,
Turkmenistan,..,,..,,..,,..,,17.8,,23.0,,..,,..,,19.5,,..,,19.5,,..,,..,,..,,..,,..,,..,,..,,..,,..,,..,,..,,0.794,,0.793,,0.804,,0.806,,0.821,,0.833,,0.833,,0.832,,0.832,,0.844,,..,,..,,..,,..,,..,,..,,..,,..,,..,,..,,..,,..,,..,,..,,91,,98,,95,,82,,..,,..,,77,,..,,..,,..,,..,,..,,..,,0.351,,0.190,,..,,..,,0.001,,0.202,,0.202,
Tuvalu,..,,..,,..,,..,,34.9,,29.4,,..,,..,,..,,..,,..,,..,,..,,..,,..,,..,,..,,..,,..,,..,,..,,..,,..,,..,,..,,..,,..,,..,,..,,..,,..,,..,,..,,..,,..,,..,,..,,..,,..,,..,,..,,..,,..,,..,,..,,..,,..,,..,,..,,..,,..,,..,,..,,..,,..,,..,,..,,..,,..,,0.001,,0.001,,..,,..,,0.001,,0.001,,0.001,
Uganda,..,,..,,..,,..,,191.0,,172.5,,..,,..,,150.0,,..,,150.0,,..,,..,,..,,0.654,,0.649,,0.613,,..,,..,,..,,..,,0.577,,0.891,,0.890,,0.886,,0.875,,0.867,,0.865,,0.865,,0.865,,0.865,,0.865,,..,,0.212,,0.278,,0.395,,0.423,,0.441,,0.502,,..,,..,,..,,..,,..,,..,,..,,670,,690,,640,,510,,..,,..,,430,,..,,..,,..,,..,,..,,..,,0.216,,0.315,,..,,..,,0.443,,0.459,,..,
Ukraine,..,,..,,..,,..,,43.0,,29.5,,..,,..,,28.3,,..,,28.3,,..,,..,,..,,0.452,,..,,0.360,,..,,..,,..,,..,,0.335,,0.800,,0.780,,0.792,,0.784,,0.801,,0.796,,0.794,,0.793,,0.791,,0.796,,..,,0.787,,0.820,,0.856,,0.907,,0.897,,0.944,,..,,..,,..,,..,,..,,..,,..,,49,,45,,35,,26,,..,,..,,26,,..,,..,,..,,..,,..,,..,,..,,0.056,,..,,..,,0.090,,0.087,,0.087,
United Arab Emirates,..,,..,,..,,..,,27.6,,24.9,,..,,..,,16.0,,..,,16.0,,..,,..,,..,,0.648,,0.628,,0.603,,..,,..,,..,,..,,0.234,,0.168,,0.221,,0.274,,0.338,,0.375,,0.430,,0.439,,0.447,,0.454,,0.454,,..,,0.949,,1.000,,1.049,,1.046,,1.027,,1.011,,..,,..,,..,,..,,..,,..,,..,,28,,20,,15,,12,,..,,..,,10,,..,,..,,..,,..,,..,,..,,0.001,,0.001,,..,,..,,0.290,,0.290,,0.290,
United Kingdom,..,,..,,..,,..,,31.0,,27.0,,..,,..,,24.1,,..,,24.1,,..,,..,,..,,0.243,,0.228,,0.216,,..,,..,,..,,..,,0.209,,0.587,,0.651,,0.701,,0.734,,0.765,,0.789,,0.792,,0.790,,0.792,,0.795,,..,,1.015,,1.013,,1.012,,1.011,,1.010,,1.013,,..,,..,,..,,..,,..,,..,,..,,10,,10,,12,,13,,..,,..,,12,,..,,..,,..,,..,,..,,..,,0.205,,0.227,,..,,..,,0.244,,0.246,,0.265,
United States,..,,..,,..,,..,,50.5,,43.1,,..,,..,,35.9,,..,,35.9,,..,,..,,..,,0.284,,..,,0.311,,..,,..,,..,,..,,0.299,,0.661,,0.710,,0.751,,0.783,,0.800,,0.807,,0.807,,0.809,,0.814,,0.811,,..,,1.002,,1.023,,1.040,,1.007,,1.004,,1.004,,..,,..,,..,,..,,..,,..,,..,,12,,11,,14,,24,,..,,..,,24,,..,,..,,..,,..,,..,,..,,..,,0.176,,..,,..,,0.205,,0.198,,0.202,
Uruguay,..,,..,,..,,..,,67.3,,63.5,,..,,..,,61.1,,..,,61.1,,..,,..,,..,,0.451,,0.381,,0.378,,..,,..,,..,,..,,0.352,,0.582,,0.625,,0.626,,0.629,,0.656,,0.688,,0.695,,0.704,,0.700,,0.713,,..,,1.057,,1.095,,1.000,,0.805,,0.969,,1.061,,..,,..,,..,,..,,..,,..,,..,,39,,35,,25,,27,,..,,..,,27,,..,,..,,..,,..,,..,,..,,0.130,,0.121,,..,,..,,0.140,,0.162,,0.171,
Uzbekistan,..,,..,,..,,..,,41.5,,14.3,,..,,..,,12.9,,..,,12.9,,..,,..,,..,,..,,..,,..,,..,,..,,..,,..,,..,,0.788,,0.777,,0.790,,0.809,,0.823,,0.824,,0.823,,0.822,,0.821,,0.822,,..,,..,,..,,..,,..,,..,,..,,..,,..,,..,,..,,..,,..,,..,,53,,32,,29,,30,,..,,..,,30,,..,,..,,..,,..,,..,,..,,..,,0.196,,..,,..,,0.196,,0.238,,0.238,
Vanuatu,..,,..,,..,,..,,62.0,,58.1,,..,,..,,47.0,,..,,47.0,,..,,..,,..,,..,,..,,..,,..,,..,,..,,..,,..,,0.896,,0.897,,0.896,,0.897,,0.898,,0.898,,0.899,,0.899,,0.900,,0.898,,..,,..,,..,,..,,..,,..,,..,,..,,..,,..,,..,,..,,..,,..,,..,,..,,..,,..,,..,,..,,..,,..,,..,,..,,..,,..,,..,,0.001,,0.040,,..,,..,,0.040,,0.040,,0.040,
Venezuela (Bolivarian Republic of),..,,..,,..,,..,,94.1,,92.1,,..,,..,,89.9,,..,,89.9,,..,,..,,..,,0.547,,..,,0.454,,..,,..,,..,,..,,0.447,,0.346,,0.384,,0.442,,0.498,,0.560,,0.616,,0.626,,0.626,,0.637,,0.644,,..,,0.878,,0.896,,0.967,,0.986,,1.014,,1.064,,..,,..,,..,,..,,..,,..,,..,,84,,88,,82,,68,,..,,..,,68,,..,,..,,..,,..,,..,,..,,..,,0.210,,..,,..,,0.228,,0.212,,0.204,
Viet Nam,..,,..,,..,,..,,27.1,,25.8,,..,,..,,16.6,,..,,16.6,,..,,..,,..,,0.373,,0.350,,0.315,,..,,..,,..,,..,,0.305,,0.903,,0.905,,0.901,,0.912,,0.899,,0.895,,0.896,,0.897,,0.897,,0.894,,..,,0.488,,0.571,,0.627,,0.691,,0.757,,0.822,,..,,..,,..,,..,,..,,..,,..,,170,,120,,91,,66,,..,,..,,56,,..,,..,,..,,..,,..,,..,,0.351,,0.376,,..,,..,,0.347,,0.347,,0.301,
Yemen,..,,..,,..,,..,,109.1,,91.2,,..,,..,,68.1,,..,,68.1,,..,,..,,..,,0.879,,0.823,,0.791,,..,,..,,..,,..,,0.769,,0.241,,0.226,,0.215,,0.227,,0.235,,0.254,,0.258,,0.262,,0.265,,0.271,,..,,1.000,,0.138,,0.245,,0.142,,0.168,,0.247,,..,,..,,..,,..,,..,,..,,..,,540,,460,,340,,250,,..,,..,,210,,..,,..,,..,,..,,..,,..,,0.007,,0.007,,..,,..,,0.007,,0.007,,0.007,
Zambia,..,,..,,..,,..,,143.1,,159.6,,..,,..,,141.8,,..,,141.8,,..,,..,,..,,0.629,,..,,0.647,,..,,..,,..,,..,,0.627,,0.733,,0.753,,0.774,,0.794,,0.790,,0.770,,0.767,,0.764,,0.762,,0.751,,..,,0.301,,0.346,,0.392,,0.811,,0.498,,0.539,,..,,..,,..,,..,,..,,..,,..,,390,,490,,600,,560,,..,,..,,470,,..,,..,,..,,..,,..,,..,,..,,0.145,,..,,..,,0.179,,0.163,,0.163,
Zimbabwe,..,,..,,..,,..,,106.3,,75.2,,..,,..,,64.6,,..,,64.6,,..,,..,,..,,0.596,,..,,0.589,,..,,..,,..,,..,,0.583,,0.821,,0.840,,0.841,,0.842,,0.816,,0.811,,0.813,,0.814,,0.814,,0.808,,..,,0.462,,0.487,,0.514,,0.620,,0.669,,0.737,,..,,..,,..,,..,,..,,..,,..,,390,,450,,670,,830,,..,,..,,790,,..,,..,,..,,..,,..,,..,,..,,0.263,,..,,..,,0.222,,0.218,,0.218,
,,,,,,,,,,,,,,,,,,,,,,,,,,,,,,,,,,,,,,,,,,,,,,,,,,,,,,,,,,,,,,,,,,,,,,,,,,,,,,,,,,,,,,,,,,,,,,,,,,,,,,,,,,,,,,,,,,,,,,,,,,,,,,,,,,,,
Very high human development,..,,..,,..,,..,,27.2,,24.6,,..,,..,,21.8,,..,,..,,..,,..,,..,,..,,..,,0.236,,..,,..,,..,,..,,..,,0.602,,0.635,,0.674,,0.698,,0.722,,0.744,,0.747,,0.749,,0.753,,0.754,,..,,0.898,,0.917,,0.943,,0.929,,0.939,,0.959,,..,,..,,..,,..,,..,,..,,..,,15,,13,,13,,15,,..,,..,,15,,..,,..,,..,,..,,..,,..,,0.236,,0.247,,..,,..,,0.284,,0.287,,0.288,
High human development,..,,..,,..,,..,,61.0,,54.1,,..,,..,,49.0,,..,,..,,..,,..,,..,,..,,..,,0.429,,..,,..,,..,,..,,..,,0.582,,0.579,,0.583,,0.599,,0.612,,0.629,,0.635,,0.636,,0.642,,0.643,,..,,0.822,,0.849,,0.876,,0.918,,0.914,,0.933,,..,,..,,..,,..,,..,,..,,..,,97,,81,,68,,54,,..,,..,,51,,..,,..,,..,,..,,..,,..,,0.098,,0.136,,..,,..,,0.158,,0.165,,0.167,
Medium human development,..,,..,,..,,..,,59.2,,51.1,,..,,..,,41.9,,..,,..,,..,,..,,..,,..,,..,,0.495,,..,,..,,..,,..,,..,,0.630,,0.644,,0.666,,0.661,,0.651,,0.644,,0.645,,0.646,,0.648,,0.644,,..,,0.445,,0.510,,0.599,,0.640,,0.656,,0.683,,..,,..,,..,,..,,..,,..,,..,,300,,243,,204,,156,,..,,..,,133,,..,,..,,..,,..,,..,,..,,0.038,,0.185,,..,,..,,0.196,,0.211,,0.215,
Low human development,..,,..,,..,,..,,122.1,,110.8,,..,,..,,100.4,,..,,..,,..,,..,,..,,..,,..,,0.632,,..,,..,,..,,..,,..,,0.601,,0.603,,0.615,,0.616,,0.623,,0.641,,0.644,,0.648,,0.650,,0.655,,..,,0.209,,0.313,,0.378,,0.437,,0.491,,0.529,,..,,..,,..,,..,,..,,..,,..,,813,,756,,672,,589,,..,,..,,530,,..,,..,,..,,..,,..,,..,,0.094,,0.189,,..,,..,,0.205,,0.236,,0.236,
Arab States (RB),..,,..,,..,,..,,51.3,,45.9,,..,,..,,42.4,,..,,..,,..,,..,,..,,..,,..,,0.609,,..,,..,,..,,..,,..,,0.304,,0.300,,0.305,,0.312,,0.323,,0.332,,0.334,,0.337,,0.339,,0.337,,..,,0.348,,0.394,,0.464,,0.531,,0.602,,0.648,,..,,..,,..,,..,,..,,..,,..,,303,,255,,220,,200,,..,,..,,191,,..,,..,,..,,..,,..,,..,,0.020,,0.064,,..,,..,,0.104,,0.109,,0.140,
Europe and Central Asia (RB),..,,..,,..,,..,,37.9,,28.5,,..,,..,,26.5,,..,,..,,..,,..,,..,,..,,..,,0.332,,..,,..,,..,,..,,..,,0.751,,0.740,,0.747,,0.729,,0.735,,0.735,,0.738,,0.736,,0.736,,0.739,,..,,0.780,,0.820,,0.875,,0.899,,0.898,,0.921,,..,,..,,..,,..,,..,,..,,..,,61,,53,,41,,30,,..,,..,,29,,..,,..,,..,,..,,..,,..,,0.091,,0.124,,..,,..,,0.154,,0.159,,0.159,
East Asia and the Pacific (RB),..,,..,,..,,..,,18.7,,18.5,,..,,..,,18.1,,..,,..,,..,,..,,..,,..,,..,,..,,..,,..,,..,,..,,..,,0.779,,0.795,,0.820,,0.809,,0.803,,0.800,,0.801,,0.802,,0.803,,0.801,,..,,0.475,,0.554,,0.678,,0.711,,0.715,,0.749,,..,,..,,..,,..,,..,,..,,..,,184,,140,,112,,88,,..,,..,,79,,..,,..,,..,,..,,..,,..,,0.032,,0.234,,..,,..,,0.250,,0.260,,0.254,
South Asia (RB),..,,..,,..,,..,,108.2,,89.6,,..,,..,,65.0,,..,,..,,..,,..,,..,,..,,..,,0.631,,..,,..,,..,,..,,..,,0.380,,0.389,,0.407,,0.416,,0.409,,0.413,,0.419,,0.423,,0.428,,0.425,,..,,0.300,,0.364,,0.403,,0.447,,0.492,,0.521,,..,,..,,..,,..,,..,,..,,..,,579,,478,,396,,298,,..,,..,,250,,..,,..,,..,,..,,..,,..,,0.049,,0.122,,..,,..,,0.119,,0.142,,0.146,
Latin America and the Caribbean (RB),..,,..,,..,,..,,85.9,,81.4,,..,,..,,72.6,,..,,..,,..,,..,,..,,..,,..,,0.466,,..,,..,,..,,..,,..,,0.444,,0.470,,0.493,,0.549,,0.582,,0.623,,0.631,,0.636,,0.643,,0.648,,..,,0.842,,0.869,,0.926,,0.945,,0.959,,0.961,,..,,..,,..,,..,,..,,..,,..,,134,,115,,99,,85,,..,,..,,80,,..,,..,,..,,..,,..,,..,,0.139,,0.219,,..,,..,,0.238,,0.250,,0.252,
Sub-Saharan Africa (RB),..,,..,,..,,..,,137.9,,132.1,,..,,..,,122.3,,..,,..,,..,,..,,..,,..,,..,,0.633,,..,,..,,..,,..,,..,,0.707,,0.711,,0.716,,0.731,,0.748,,0.763,,0.764,,0.765,,0.767,,0.773,,..,,0.561,,0.505,,0.538,,0.582,,0.569,,0.600,,..,,..,,..,,..,,..,,..,,..,,832,,817,,762,,684,,..,,..,,618,,..,,..,,..,,..,,..,,..,,0.158,,0.208,,..,,..,,0.236,,0.265,,0.276,
Least developed countries,..,,..,,..,,..,,130.9,,121.4,,..,,..,,104.5,,..,,..,,..,,..,,..,,..,,..,,0.623,,..,,..,,..,,..,,..,,0.713,,0.719,,0.729,,0.724,,0.724,,0.741,,0.744,,0.747,,0.750,,0.755,,..,,0.272,,0.338,,0.427,,0.483,,0.538,,0.570,,..,,..,,..,,..,,..,,..,,..,,869,,798,,701,,599,,..,,..,,534,,..,,..,,..,,..,,..,,..,,0.153,,0.207,,..,,..,,0.224,,0.274,,0.273,
World,..,,..,,..,,..,,67.7,,60.6,,..,,..,,53.7,,..,,..,,..,,..,,..,,..,,..,,0.508,,..,,..,,..,,..,,..,,0.611,,0.625,,0.646,,0.650,,0.652,,0.657,,0.659,,0.661,,0.664,,0.662,,..,,0.729,,0.746,,0.787,,0.795,,0.796,,0.811,,..,,..,,..,,..,,..,,..,,..,,283,,250,,222,,188,,..,,..,,170,,..,,..,,..,,..,,..,,..,,0.100,,0.191,,..,,..,,0.209,,0.222,,0.225,
SIDS,..,,..,,..,,..,,78.1,,70.6,,..,,..,,64.8,,..,,..,,..,,..,,..,,..,,..,,..,,..,,..,,..,,..,,..,,0.576,,0.588,,0.603,,0.617,,0.647,,0.671,,0.679,,0.686,,0.689,,0.688,,..,,0.786,,0.790,,0.824,,0.863,,0.893,,0.908,,..,,..,,..,,..,,..,,..,,..,,273,,249,,210,,186,,..,,..,,175,,..,,..,,..,,..,,..,,..,,0.244,,0.267,,..,,..,,0.324,,0.320,,0.318,
,,,,,,,,,,,,,,,,,,,,,,,,,,,,,,,,,,,,,,,,,,,,,,,,,,,,,,,,,,,,,,,,,,,,,,,,,,,,,,,,,,,,,,,,,,,,,,,,,,,,,,,,,,,,,,,,,,,,,,,,,,,,,,,,,,,,
Footnotes,,,,,,,,,,,,,,,,,,,,,,,,,,,,,,,,,,,,,,,,,,,,,,,,,,,,,,,,,,,,,,,,,,,,,,,,,,,,,,,,,,,,,,,,,,,,,,,,,,,,,,,,,,,,,,,,,,,,,,,,,,,,,,,,,,,,
a. Refer to Technical Note 3 for details on the calculation.,,,,,,,,,,,,,,,,,,,,,,,,,,,,,,,,,,,,,,,,,,,,,,,,,,,,,,,,,,,,,,,,,,,,,,,,,,,,,,,,,,,,,,,,,,,,,,,,,,,,,,,,,,,,,,,,,,,,,,,,,,,,,,,,,,,,
,,,,,,,,,,,,,,,,,,,,,,,,,,,,,,,,,,,,,,,,,,,,,,,,,,,,,,,,,,,,,,,,,,,,,,,,,,,,,,,,,,,,,,,,,,,,,,,,,,,,,,,,,,,,,,,,,,,,,,,,,,,,,,,,,,,,
Sources,,,,,,,,,,,,,,,,,,,,,,,,,,,,,,,,,,,,,,,,,,,,,,,,,,,,,,,,,,,,,,,,,,,,,,,,,,,,,,,,,,,,,,,,,,,,,,,,,,,,,,,,,,,,,,,,,,,,,,,,,,,,,,,,,,,,
Columns 1-11: UNDESA (2011).,,,,,,,,,,,,,,,,,,,,,,,,,,,,,,,,,,,,,,,,,,,,,,,,,,,,,,,,,,,,,,,,,,,,,,,,,,,,,,,,,,,,,,,,,,,,,,,,,,,,,,,,,,,,,,,,,,,,,,,,,,,,,,,,,,,,
"Columns 12-22: HDRO calculations based on UNICEF (2011), UNDESA (2011), IPU (2011), Barro and Lee (2010), UNESCO (2011) and ILO (2011).",,,,,,,,,,,,,,,,,,,,,,,,,,,,,,,,,,,,,,,,,,,,,,,,,,,,,,,,,,,,,,,,,,,,,,,,,,,,,,,,,,,,,,,,,,,,,,,,,,,,,,,,,,,,,,,,,,,,,,,,,,,,,,,,,,,,
"Columns 23-33: ILO (2011). [""Key Indicators on the Labour Market: 6th edition"". Geneva: ILO.].http://www.ilo.org/empelm/what/lang--en/WCMS_114240. Accessed March 2011.",,,,,,,,,,,,,,,,,,,,,,,,,,,,,,,,,,,,,,,,,,,,,,,,,,,,,,,,,,,,,,,,,,,,,,,,,,,,,,,,,,,,,,,,,,,,,,,,,,,,,,,,,,,,,,,,,,,,,,,,,,,,,,,,,,,,
"Columns 34-44: Barro, R.J and J.-W.Lee.(2010). [A New Data Set of Educational Attainment in the World, 1950-2010.""NBER Working Paper No. 15902.]",,,,,,,,,,,,,,,,,,,,,,,,,,,,,,,,,,,,,,,,,,,,,,,,,,,,,,,,,,,,,,,,,,,,,,,,,,,,,,,,,,,,,,,,,,,,,,,,,,,,,,,,,,,,,,,,,,,,,,,,,,,,,,,,,,,,
"Columns 45-55: WHO, UNICEF, UNFPA and World Bank (2010).",,,,,,,,,,,,,,,,,,,,,,,,,,,,,,,,,,,,,,,,,,,,,,,,,,,,,,,,,,,,,,,,,,,,,,,,,,,,,,,,,,,,,,,,,,,,,,,,,,,,,,,,,,,,,,,,,,,,,,,,,,,,,,,,,,,,
"Columns 56-66: IPU (2011). [Parline database on women in parliament.] http://www.ipu.org/wmn-e/classif.htm.  Accessed April, 2011.",,,,,,,,,,,,,,,,,,,,,,,,,,,,,,,,,,,,,,,,,,,,,,,,,,,,,,,,,,,,,,,,,,,,,,,,,,,,,,,,,,,,,,,,,,,,,,,,,,,,,,,,,,,,,,,,,,,,,,,,,,,,,,,,,,,,
