,"Expenditure on health, public (% of GDP)",,,,,,,,,,,,,,,,,,,,,,,,,,HDI: Life expectancy at birth,,,,,,,,,,,,,,,,,,,,,,,,,,Under-five mortality rate,,,,,,,,,,,,,,,,,,,,,,,,,
,1980,,1985,,1990,,1995,,2000,,2005,,2006,,2007,,2008,,2009,,2010,,2011,,9999,,1980,,1985,,1990,,1995,,2000,,2005,,2006,,2007,,2008,,2009,,2010,,2011,,9999,,1980,,1985,,1990,,1995,,2000,,2005,,2006,,2007,,2008,,2009,,2010,,2011,,9999,
Country,(%),,(%),,(%),,(%),,(%),,(%),,(%),,(%),,(%),,(%),,(%),,(%),,(%),,(years),,(years),,(years),,(years),,(years),,(years),,(years),,(years),,(years),,(years),,(years),,(years),,(years),,"(per 1,000 live births)",,"(per 1,000 live births)",,"(per 1,000 live births)",,"(per 1,000 live births)",,"(per 1,000 live births)",,"(per 1,000 live births)",,"(per 1,000 live births)",,"(per 1,000 live births)",,"(per 1,000 live births)",,"(per 1,000 live births)",,"(per 1,000 live births)",,"(per 1,000 live births)",,"(per 1,000 live births)",
Afghanistan,..,,..,,..,,..,,..,,2.1,,2.1,,1.8,,..,,1.8,,..,,..,,1.8,,39.2,,40.8,,42.3,,43.8,,45.3,,46.6,,46.9,,47.2,,47.5,,47.9,,48.3,,48.7,,48.7,,282,,..,,250,,..,,222,,208,,..,,204,,201,,199,,..,,..,,199,
Albania,..,,..,,..,,..,,..,,2.6,,2.5,,2.9,,..,,2.9,,..,,..,,2.9,,69.7,,71.4,,71.6,,71.8,,74.2,,76.0,,76.2,,76.3,,76.5,,76.6,,76.8,,76.9,,76.9,,74,,..,,51,,..,,27,,20,,..,,17,,16,,15,,..,,..,,15,
Algeria,..,,..,,..,,..,,..,,2.7,,3.5,,3.6,,..,,3.6,,..,,..,,3.6,,59.6,,63.8,,67.1,,68.5,,70.1,,71.7,,72.0,,72.2,,72.4,,72.7,,72.9,,73.1,,73.1,,134,,..,,61,,..,,46,,38,,..,,35,,34,,32,,..,,..,,32,
Andorra,..,,..,,..,,..,,..,,5.0,,5.2,,5.3,,..,,5.3,,..,,..,,5.3,,74.9,,75.8,,76.5,,77.4,,78.9,,80.2,,80.3,,80.5,,80.6,,80.7,,80.8,,80.9,,80.9,,—,,..,,9,,..,,5,,4,,..,,4,,4,,4,,..,,..,,4,
Angola,..,,..,,..,,..,,..,,1.6,,2.3,,2.0,,..,,2.0,,..,,..,,2.0,,40.2,,40.8,,41.2,,42.1,,45.2,,48.6,,49.0,,49.5,,49.9,,50.3,,50.7,,51.1,,51.1,,267,,..,,258,,..,,212,,182,,..,,171,,166,,161,,..,,..,,161,
Antigua and Barbuda,..,,..,,..,,..,,..,,3.2,,3.6,,3.2,,..,,3.2,,..,,..,,3.2,,66.9,,67.9,,68.9,,69.8,,70.9,,71.8,,72.0,,72.1,,72.2,,72.4,,72.5,,72.6,,72.6,,—,,..,,—,,..,,19,,15,,..,,13,,12,,12,,..,,..,,12,
Argentina,..,,..,,..,,..,,..,,4.7,,4.7,,5.1,,..,,5.1,,..,,..,,5.1,,69.4,,70.6,,71.5,,72.7,,73.8,,74.8,,75.0,,75.2,,75.4,,75.6,,75.7,,75.9,,75.9,,43,,..,,28,,..,,21,,17,,..,,15,,15,,14,,..,,..,,14,
Armenia,..,,..,,..,,..,,..,,1.8,,1.9,,2.1,,..,,2.1,,..,,..,,2.1,,70.9,,69.7,,67.9,,68.8,,71.2,,73.2,,73.4,,73.6,,73.8,,74.0,,74.1,,74.2,,74.2,,73,,..,,56,,..,,36,,27,,..,,24,,23,,22,,..,,..,,22,
Australia,..,,..,,..,,..,,..,,5.8,,5.9,,6.0,,..,,6.0,,..,,..,,6.0,,74.4,,75.6,,76.8,,78.1,,79.5,,80.9,,81.2,,81.3,,81.5,,81.7,,81.8,,81.9,,81.9,,13,,..,,9,,..,,6,,6,,..,,5,,5,,5,,..,,..,,5,
Austria,..,,..,,..,,..,,..,,7.9,,7.8,,7.7,,..,,7.7,,..,,..,,7.7,,72.5,,74.0,,75.5,,76.7,,78.1,,79.6,,79.9,,80.1,,80.3,,80.5,,80.7,,80.9,,80.9,,16,,..,,9,,..,,5,,5,,..,,5,,4,,4,,..,,..,,4,
Azerbaijan,..,,..,,..,,..,,..,,0.9,,0.9,,1.0,,..,,1.0,,..,,..,,1.0,,64.9,,65.6,,64.9,,64.7,,66.9,,69.0,,69.4,,69.8,,70.2,,70.4,,70.6,,70.7,,70.7,,107,,..,,98,,..,,69,,46,,..,,39,,36,,34,,..,,..,,34,
Bahamas,..,,..,,..,,..,,..,,3.2,,3.4,,3.7,,..,,3.7,,..,,..,,3.7,,67.7,,69.0,,69.4,,70.1,,71.8,,73.7,,74.1,,74.5,,74.8,,75.1,,75.4,,75.6,,75.6,,43,,..,,25,,..,,20,,16,,..,,14,,13,,12,,..,,..,,12,
Bahrain,..,,..,,..,,..,,..,,2.6,,2.5,,2.6,,..,,2.6,,..,,..,,2.6,,69.6,,71.3,,72.3,,73.0,,73.7,,74.3,,74.4,,74.5,,74.7,,74.8,,74.9,,75.1,,75.1,,31,,..,,16,,..,,13,,12,,..,,12,,12,,12,,..,,..,,12,
Bangladesh,..,,..,,..,,..,,..,,1.1,,1.2,,1.1,,..,,1.1,,..,,..,,1.1,,55.2,,56.9,,59.5,,62.1,,64.7,,66.9,,67.3,,67.7,,68.0,,68.3,,68.6,,68.9,,68.9,,204,,..,,148,,..,,90,,66,,..,,59,,55,,52,,..,,..,,52,
Barbados,..,,..,,..,,..,,..,,4.5,,4.6,,4.4,,..,,4.4,,..,,..,,4.4,,72.1,,73.6,,74.7,,75.2,,75.5,,76.0,,76.1,,76.2,,76.3,,76.5,,76.7,,76.8,,76.8,,28,,..,,18,,..,,15,,12,,..,,12,,11,,11,,..,,..,,11,
Belarus,..,,..,,..,,..,,..,,5.0,,4.8,,4.9,,..,,4.9,,..,,..,,4.9,,70.8,,71.1,,70.7,,68.8,,68.1,,68.9,,69.1,,69.3,,69.6,,69.8,,70.1,,70.3,,70.3,,26,,..,,24,,..,,18,,14,,..,,13,,13,,12,,..,,..,,12,
Belgium,..,,..,,..,,..,,..,,7.4,,7.2,,7.0,,..,,7.0,,..,,..,,7.0,,73.3,,74.8,,76.1,,76.9,,77.8,,79.0,,79.3,,79.5,,79.7,,79.9,,80.0,,80.0,,80.0,,15,,..,,10,,..,,6,,5,,..,,5,,5,,5,,..,,..,,5,
Belize,..,,..,,..,,..,,..,,2.1,,2.2,,2.6,,..,,2.6,,..,,..,,2.6,,70.2,,71.5,,72.5,,73.1,,73.5,,74.5,,74.8,,75.1,,75.4,,75.6,,75.9,,76.1,,76.1,,69,,..,,43,,..,,27,,22,,..,,20,,19,,18,,..,,..,,18,
Benin,..,,..,,..,,..,,..,,2.4,,2.4,,2.5,,..,,2.5,,..,,..,,2.5,,45.3,,46.9,,48.7,,51.0,,52.7,,53.9,,54.2,,54.5,,54.9,,55.2,,55.7,,56.1,,56.1,,212,,..,,184,,..,,144,,129,,..,,123,,121,,118,,..,,..,,118,
Bhutan,..,,..,,..,,..,,..,,2.6,,2.6,,3.3,,..,,3.3,,..,,..,,3.3,,46.3,,49.3,,52.5,,56.7,,61.3,,64.8,,65.3,,65.7,,66.1,,66.4,,66.8,,67.2,,67.2,,206,,..,,148,,..,,106,,90,,..,,84,,81,,79,,..,,..,,79,
Bolivia (Plurinational State of),..,,..,,..,,..,,..,,3.8,,3.5,,3.4,,..,,3.4,,..,,..,,3.4,,52.0,,55.7,,58.8,,61.1,,63.0,,64.7,,65.1,,65.4,,65.7,,66.0,,66.3,,66.6,,66.6,,170,,..,,122,,..,,86,,65,,..,,58,,54,,51,,..,,..,,51,
Bosnia and Herzegovina,..,,..,,..,,..,,..,,5.1,,5.2,,5.6,,..,,5.6,,..,,..,,5.6,,70.5,,71.5,,66.7,,67.8,,74.5,,74.8,,74.9,,75.1,,75.2,,75.4,,75.5,,75.7,,75.7,,33,,..,,23,,..,,17,,16,,..,,15,,15,,14,,..,,..,,14,
Botswana,..,,..,,..,,..,,..,,5.7,,4.5,,4.3,,..,,4.3,,..,,..,,4.3,,60.6,,63.0,,64.2,,59.3,,50.9,,50.6,,51.4,,52.2,,52.8,,53.2,,53.3,,53.2,,53.2,,82,,..,,60,,..,,99,,66,,..,,59,,59,,57,,..,,..,,57,
Brazil,..,,..,,..,,..,,..,,3.3,,3.5,,3.5,,..,,3.5,,..,,..,,3.5,,62.5,,64.4,,66.3,,68.3,,70.1,,71.6,,71.8,,72.1,,72.5,,72.8,,73.1,,73.5,,73.5,,90,,..,,56,,..,,34,,26,,..,,23,,22,,21,,..,,..,,21,
Brunei Darussalam,..,,..,,..,,..,,..,,2.1,,1.9,,1.9,,..,,1.9,,..,,..,,1.9,,70.6,,72.1,,73.5,,74.8,,76.1,,77.2,,77.3,,77.5,,77.6,,77.7,,77.9,,78.0,,78.0,,19,,..,,11,,..,,8,,7,,..,,7,,7,,7,,..,,..,,7,
Bulgaria,..,,..,,..,,..,,..,,4.7,,4.1,,4.2,,..,,4.2,,..,,..,,4.2,,71.2,,71.3,,71.3,,70.9,,71.4,,72.4,,72.6,,72.7,,72.8,,73.0,,73.2,,73.4,,73.4,,24,,..,,18,,..,,18,,13,,..,,12,,11,,10,,..,,..,,10,
Burkina Faso,..,,..,,..,,..,,..,,4.0,,3.6,,3.4,,..,,3.4,,..,,..,,3.4,,46.4,,48.1,,48.5,,49.1,,50.3,,52.5,,53.0,,53.6,,54.1,,54.5,,55.0,,55.4,,55.4,,236,,..,,201,,..,,188,,176,,..,,171,,169,,166,,..,,..,,166,
Burundi,..,,..,,..,,..,,..,,4.0,,5.1,,5.2,,..,,5.2,,..,,..,,5.2,,47.0,,48.2,,46.3,,44.7,,46.1,,47.8,,48.2,,48.6,,49.1,,49.5,,50.0,,50.4,,50.4,,191,,..,,189,,..,,178,,171,,..,,169,,168,,166,,..,,..,,166,
Cambodia,..,,..,,..,,..,,..,,1.5,,1.5,,1.7,,..,,1.7,,..,,..,,1.7,,38.7,,52.6,,55.6,,56.2,,57.6,,60.1,,60.7,,61.2,,61.7,,62.2,,62.7,,63.1,,63.1,,153,,..,,117,,..,,106,,96,,..,,91,,90,,88,,..,,..,,88,
Cameroon,..,,..,,..,,..,,..,,1.2,,1.2,,1.3,,..,,1.3,,..,,..,,1.3,,51.2,,52.9,,53.3,,52.0,,50.1,,49.4,,49.6,,49.8,,50.2,,50.6,,51.1,,51.6,,51.6,,168,,..,,148,,..,,156,,156,,..,,155,,155,,154,,..,,..,,154,
Canada,..,,..,,..,,..,,..,,7.0,,7.0,,7.1,,..,,7.1,,..,,..,,7.1,,75.0,,76.4,,77.3,,78.1,,79.1,,80.1,,80.3,,80.5,,80.6,,80.8,,80.9,,81.0,,81.0,,13,,..,,8,,..,,6,,6,,..,,6,,6,,6,,..,,..,,6,
Cape Verde,..,,..,,..,,..,,..,,3.5,,3.8,,3.4,,..,,3.4,,..,,..,,3.4,,59.9,,62.8,,65.3,,67.4,,69.7,,72.4,,72.9,,73.3,,73.6,,73.8,,74.0,,74.2,,74.2,,98,,..,,63,,..,,41,,33,,..,,30,,29,,28,,..,,..,,28,
Central African Republic,..,,..,,..,,..,,..,,1.9,,1.5,,1.4,,..,,1.4,,..,,..,,1.4,,48.8,,49.8,,48.8,,46.1,,43.7,,44.4,,44.9,,45.5,,46.2,,46.9,,47.7,,48.4,,48.4,,184,,..,,175,,..,,184,,177,,..,,174,,172,,171,,..,,..,,171,
Chad,..,,..,,..,,..,,..,,1.9,,2.6,,2.7,,..,,2.7,,..,,..,,2.7,,47.9,,50.0,,50.7,,49.9,,48.5,,48.1,,48.2,,48.4,,48.6,,48.9,,49.2,,49.6,,49.6,,228,,..,,201,,..,,205,,209,,..,,209,,209,,209,,..,,..,,209,
Chile,..,,..,,..,,..,,..,,3.5,,3.4,,3.7,,..,,3.7,,..,,..,,3.7,,69.2,,72.0,,73.7,,75.2,,77.0,,78.4,,78.5,,78.7,,78.8,,78.9,,79.0,,79.1,,79.1,,38,,..,,22,,..,,11,,9,,..,,9,,9,,9,,..,,..,,9,
China,..,,..,,..,,..,,..,,1.8,,1.9,,1.9,,..,,1.9,,..,,..,,1.9,,67.0,,68.3,,69.4,,70.4,,71.2,,72.1,,72.4,,72.6,,72.8,,73.0,,73.2,,73.5,,73.5,,59,,..,,46,,..,,36,,25,,..,,22,,21,,19,,..,,..,,19,
Colombia,..,,..,,..,,..,,..,,5.3,,5.2,,5.1,,..,,5.1,,..,,..,,5.1,,65.5,,67.6,,68.3,,69.4,,71.0,,72.3,,72.6,,72.8,,73.0,,73.3,,73.5,,73.7,,73.7,,52,,..,,35,,..,,26,,22,,..,,20,,20,,19,,..,,..,,19,
Comoros,..,,..,,..,,..,,..,,1.7,,1.8,,1.9,,..,,1.9,,..,,..,,1.9,,52.0,,54.0,,55.6,,56.7,,57.9,,59.0,,59.3,,59.6,,59.9,,60.3,,60.6,,61.1,,61.1,,159,,..,,128,,..,,114,,108,,..,,106,,105,,104,,..,,..,,104,
Congo,..,,..,,..,,..,,..,,1.4,,1.5,,1.7,,..,,1.7,,..,,..,,1.7,,56.3,,57.1,,56.3,,54.6,,54.2,,55.1,,55.4,,55.8,,56.2,,56.6,,57.0,,57.4,,57.4,,104,,..,,104,,..,,116,,123,,..,,125,,127,,128,,..,,..,,128,
Congo (Democratic Republic of the),..,,..,,..,,..,,..,,1.2,,1.2,,1.2,,..,,1.2,,..,,..,,1.2,,45.9,,46.4,,46.9,,45.9,,45.7,,47.0,,47.2,,47.4,,47.6,,47.8,,48.1,,48.4,,48.4,,207,,..,,199,,..,,199,,199,,..,,199,,199,,199,,..,,..,,199,
Costa Rica,..,,..,,..,,..,,..,,5.0,,5.3,,5.9,,..,,5.9,,..,,..,,5.9,,72.5,,74.6,,75.7,,76.8,,77.8,,78.6,,78.7,,78.8,,78.9,,79.1,,79.2,,79.3,,79.3,,33,,..,,18,,..,,13,,12,,..,,11,,11,,11,,..,,..,,11,
Croatia,..,,..,,..,,..,,..,,6.1,,6.2,,6.6,,..,,6.6,,..,,..,,6.6,,70.5,,70.9,,71.9,,73.6,,74.8,,75.4,,75.6,,75.9,,76.1,,76.3,,76.5,,76.6,,76.6,,—,,..,,13,,..,,8,,7,,..,,6,,6,,5,,..,,..,,5,
Cuba,..,,..,,..,,..,,..,,8.7,,7.1,,9.9,,..,,9.9,,..,,..,,9.9,,73.5,,74.3,,74.5,,75.2,,76.4,,77.7,,78.0,,78.3,,78.6,,78.8,,79.0,,79.1,,79.1,,23,,..,,14,,..,,9,,7,,..,,6,,6,,6,,..,,..,,6,
Cyprus,..,,..,,..,,..,,..,,2.7,,2.8,,3.0,,..,,3.0,,..,,..,,3.0,,74.8,,75.7,,76.5,,77.3,,78.0,,78.6,,78.7,,78.9,,79.1,,79.2,,79.4,,79.6,,79.6,,20,,..,,10,,..,,6,,5,,..,,4,,4,,4,,..,,..,,4,
Czech Republic,..,,..,,..,,..,,..,,6.3,,6.1,,5.8,,..,,5.8,,..,,..,,5.8,,70.7,,71.1,,71.9,,73.3,,74.9,,76.3,,76.6,,76.9,,77.1,,77.3,,77.5,,77.7,,77.7,,—,,..,,12,,..,,5,,4,,..,,4,,4,,4,,..,,..,,4,
Côte d'Ivoire,..,,..,,..,,..,,..,,0.9,,0.9,,1.0,,..,,1.0,,..,,..,,1.0,,51.3,,53.0,,52.5,,51.0,,50.1,,51.5,,52.1,,52.7,,53.3,,54.0,,54.7,,55.4,,55.4,,164,,..,,152,,..,,142,,129,,..,,124,,121,,119,,..,,..,,119,
Denmark,..,,..,,..,,..,,..,,7.9,,8.1,,8.2,,..,,8.2,,..,,..,,8.2,,74.3,,74.5,,74.9,,75.5,,76.6,,77.8,,78.0,,78.2,,78.3,,78.5,,78.7,,78.8,,78.8,,10,,..,,9,,..,,6,,5,,..,,5,,4,,4,,..,,..,,4,
Djibouti,..,,..,,..,,..,,..,,4.9,,4.8,,5.5,,..,,5.5,,..,,..,,5.5,,47.9,,50.1,,51.4,,52.7,,53.9,,55.6,,56.0,,56.4,,56.8,,57.2,,57.6,,57.9,,57.9,,142,,..,,123,,..,,106,,99,,..,,96,,95,,94,,..,,..,,94,
Dominica,..,,..,,..,,..,,..,,3.7,,3.7,,3.9,,..,,3.9,,..,,..,,3.9,,70.6,,73.4,,75.6,,76.3,,76.5,,76.9,,77.0,,77.1,,77.2,,77.3,,77.4,,77.5,,77.5,,12,,..,,18,,..,,16,,12,,..,,11,,10,,10,,..,,..,,10,
Dominican Republic,..,,..,,..,,..,,..,,1.7,,2.1,,1.9,,..,,1.9,,..,,..,,1.9,,62.9,,65.1,,67.6,,69.5,,70.8,,72.0,,72.2,,72.5,,72.7,,72.9,,73.2,,73.4,,73.4,,95,,..,,62,,..,,39,,35,,..,,33,,33,,32,,..,,..,,32,
Ecuador,..,,..,,..,,..,,..,,2.1,,2.3,,2.3,,..,,2.3,,..,,..,,2.3,,62.9,,66.1,,68.9,,71.3,,73.4,,74.7,,74.9,,75.0,,75.2,,75.3,,75.5,,75.6,,75.6,,95,,..,,53,,..,,34,,28,,..,,26,,25,,24,,..,,..,,24,
Egypt,..,,..,,..,,..,,..,,2.3,,2.6,,2.4,,..,,2.4,,..,,..,,2.4,,56.2,,59.0,,62.0,,65.6,,69.1,,71.6,,71.9,,72.2,,72.5,,72.8,,73.0,,73.2,,73.2,,176,,..,,90,,..,,47,,30,,..,,25,,23,,21,,..,,..,,21,
El Salvador,..,,..,,..,,..,,..,,3.7,,4.1,,3.6,,..,,3.6,,..,,..,,3.6,,56.6,,59.7,,66.0,,69.0,,69.9,,70.9,,71.1,,71.3,,71.5,,71.8,,72.0,,72.2,,72.2,,121,,..,,62,,..,,33,,23,,..,,19,,18,,17,,..,,..,,17,
Equatorial Guinea,..,,..,,..,,..,,..,,1.1,,1.5,,1.7,,..,,1.7,,..,,..,,1.7,,42.9,,44.7,,46.7,,48.2,,48.6,,49.4,,49.6,,49.9,,50.2,,50.5,,50.8,,51.1,,51.1,,—,,..,,198,,..,,168,,155,,..,,150,,148,,145,,..,,..,,145,
Eritrea,..,,..,,..,,..,,..,,1.7,,1.6,,1.5,,..,,1.5,,..,,..,,1.5,,43.9,,44.9,,48.2,,52.5,,56.2,,58.8,,59.3,,59.8,,60.3,,60.7,,61.2,,61.6,,61.6,,186,,..,,150,,..,,89,,68,,..,,61,,58,,55,,..,,..,,55,
Estonia,..,,..,,..,,..,,..,,3.9,,3.8,,4.1,,..,,4.1,,..,,..,,4.1,,69.4,,69.9,,69.4,,68.7,,70.2,,72.7,,73.2,,73.6,,74.0,,74.3,,74.6,,74.8,,74.8,,22,,..,,17,,..,,11,,7,,..,,6,,6,,6,,..,,..,,6,
Ethiopia,..,,..,,..,,..,,..,,2.5,,2.3,,2.2,,..,,2.2,,..,,..,,2.2,,43.9,,44.5,,47.1,,49.3,,51.7,,55.2,,56.0,,56.8,,57.5,,58.1,,58.7,,59.3,,59.3,,214,,..,,210,,..,,148,,122,,..,,113,,109,,104,,..,,..,,104,
Fiji,..,,..,,..,,..,,..,,3.0,,2.6,,2.8,,..,,2.8,,..,,..,,2.8,,63.0,,64.3,,65.5,,66.6,,67.6,,68.4,,68.6,,68.7,,68.9,,69.0,,69.1,,69.2,,69.2,,40,,..,,22,,..,,19,,18,,..,,18,,18,,18,,..,,..,,18,
Finland,..,,..,,..,,..,,..,,6.2,,6.2,,6.1,,..,,6.1,,..,,..,,6.1,,73.5,,74.6,,75.2,,76.4,,77.7,,78.8,,79.0,,79.2,,79.4,,79.6,,79.8,,80.0,,80.0,,9,,..,,7,,..,,4,,4,,..,,4,,3,,3,,..,,..,,3,
France,..,,..,,..,,..,,..,,8.8,,8.7,,8.7,,..,,8.7,,..,,..,,8.7,,74.2,,75.5,,76.8,,77.9,,79.0,,80.3,,80.6,,80.8,,81.0,,81.2,,81.4,,81.5,,81.5,,12,,..,,9,,..,,5,,5,,..,,4,,4,,4,,..,,..,,4,
Gabon,..,,..,,..,,..,,..,,3.1,,3.2,,3.0,,..,,3.0,,..,,..,,3.0,,54.9,,59.0,,61.3,,61.1,,59.7,,60.0,,60.4,,60.9,,61.4,,61.9,,62.3,,62.7,,62.7,,117,,..,,93,,..,,83,,77,,..,,73,,71,,69,,..,,..,,69,
Gambia,..,,..,,..,,..,,..,,3.5,,3.4,,2.6,,..,,2.6,,..,,..,,2.6,,47.5,,51.4,,53.1,,53.7,,55.1,,56.6,,56.9,,57.2,,57.5,,57.8,,58.2,,58.5,,58.5,,214,,..,,153,,..,,131,,115,,..,,109,,106,,103,,..,,..,,103,
Georgia,..,,..,,..,,..,,..,,1.7,,1.8,,1.5,,..,,1.5,,..,,..,,1.5,,69.7,,70.0,,70.5,,70.7,,71.8,,72.8,,72.9,,73.0,,73.2,,73.4,,73.5,,73.7,,73.7,,65,,..,,47,,..,,35,,32,,..,,30,,30,,29,,..,,..,,29,
Germany,..,,..,,..,,..,,..,,8.2,,8.1,,8.0,,..,,8.0,,..,,..,,8.0,,73.2,,74.3,,75.4,,76.7,,78.0,,79.3,,79.5,,79.7,,79.9,,80.1,,80.3,,80.4,,80.4,,15,,..,,9,,..,,5,,5,,..,,5,,4,,4,,..,,..,,4,
Ghana,..,,..,,..,,..,,..,,3.1,,2.6,,4.3,,..,,4.3,,..,,..,,4.3,,53.1,,54.6,,56.9,,58.0,,58.4,,61.0,,61.7,,62.3,,62.9,,63.4,,63.8,,64.2,,64.2,,149,,..,,120,,..,,106,,84,,..,,76,,72,,69,,..,,..,,69,
Greece,..,,..,,..,,..,,..,,5.7,,5.9,,5.8,,..,,5.8,,..,,..,,5.8,,74.5,,76.0,,77.1,,77.6,,78.5,,79.3,,79.4,,79.5,,79.6,,79.7,,79.8,,79.9,,79.9,,20,,..,,11,,..,,7,,5,,..,,4,,4,,3,,..,,..,,3,
Grenada,..,,..,,..,,..,,..,,3.7,,4.0,,3.6,,..,,3.6,,..,,..,,3.6,,65.2,,66.2,,69.0,,71.8,,73.5,,74.9,,75.1,,75.3,,75.5,,75.6,,75.8,,76.0,,76.0,,—,,..,,40,,..,,20,,16,,..,,15,,15,,15,,..,,..,,15,
Guatemala,..,,..,,..,,..,,..,,2.2,,2.0,,2.1,,..,,2.1,,..,,..,,2.1,,57.3,,59.6,,62.2,,64.9,,67.8,,69.7,,70.0,,70.2,,70.4,,70.7,,70.9,,71.2,,71.2,,137,,..,,76,,..,,48,,43,,..,,42,,41,,40,,..,,..,,40,
Guinea,..,,..,,..,,..,,..,,0.7,,0.8,,0.6,,..,,0.6,,..,,..,,0.6,,38.8,,41.3,,43.7,,45.7,,48.1,,51.1,,51.7,,52.2,,52.7,,53.2,,53.6,,54.1,,54.1,,277,,..,,231,,..,,185,,160,,..,,150,,146,,142,,..,,..,,142,
Guinea-Bissau,..,,..,,..,,..,,..,,1.6,,1.5,,1.6,,..,,1.6,,..,,..,,1.6,,40.1,,41.9,,42.8,,43.7,,44.9,,46.1,,46.4,,46.7,,47.0,,47.3,,47.7,,48.1,,48.1,,—,,..,,240,,..,,218,,204,,..,,198,,195,,193,,..,,..,,193,
Guyana,..,,..,,..,,..,,..,,6.0,,6.3,,7.2,,..,,7.2,,..,,..,,7.2,,59.5,,60.4,,61.0,,62.1,,64.3,,67.3,,67.8,,68.4,,68.8,,69.3,,69.6,,69.9,,69.9,,71,,..,,61,,..,,45,,40,,..,,37,,36,,35,,..,,..,,35,
Haiti,..,,..,,..,,..,,..,,1.0,,1.4,,1.2,,..,,1.2,,..,,..,,1.2,,50.9,,53.0,,55.1,,57.2,,58.4,,59.9,,60.3,,60.7,,61.1,,61.5,,61.8,,62.1,,62.1,,197,,..,,152,,..,,113,,98,,..,,92,,89,,87,,..,,..,,87,
Honduras,..,,..,,..,,..,,..,,3.8,,3.7,,4.1,,..,,4.1,,..,,..,,4.1,,59.4,,63.4,,66.3,,68.6,,70.4,,71.4,,71.7,,72.0,,72.2,,72.5,,72.8,,73.1,,73.1,,101,,..,,55,,..,,40,,34,,..,,32,,31,,30,,..,,..,,30,
"Hong Kong, China (SAR)",..,,..,,..,,..,,..,,..,,..,,..,,..,,..,,..,,..,,..,,74.9,,76.3,,77.5,,78.8,,80.0,,81.0,,81.3,,81.5,,81.8,,82.1,,82.5,,82.8,,82.8,,..,,..,,..,,..,,..,,..,,..,,..,,..,,..,,..,,..,,..,
Hungary,..,,..,,..,,..,,..,,6.0,,5.8,,5.2,,..,,5.2,,..,,..,,5.2,,69.3,,69.2,,69.3,,70.0,,71.8,,73.2,,73.4,,73.6,,73.8,,74.0,,74.2,,74.4,,74.4,,24,,..,,17,,..,,10,,8,,..,,7,,7,,6,,..,,..,,6,
Iceland,..,,..,,..,,..,,..,,7.7,,7.5,,7.7,,..,,7.7,,..,,..,,7.7,,76.6,,77.2,,78.1,,78.7,,79.7,,81.0,,81.1,,81.3,,81.4,,81.5,,81.7,,81.8,,81.8,,9,,..,,7,,..,,4,,3,,..,,3,,3,,3,,..,,..,,3,
India,..,,..,,..,,..,,..,,1.0,,1.0,,1.1,,..,,1.1,,..,,..,,1.1,,55.3,,57.0,,58.3,,59.8,,61.6,,63.3,,63.7,,64.0,,64.4,,64.7,,65.1,,65.4,,65.4,,149,,..,,118,,..,,93,,77,,..,,71,,68,,66,,..,,..,,66,
Indonesia,..,,..,,..,,..,,..,,0.9,,1.0,,1.2,,..,,1.2,,..,,..,,1.2,,57.6,,60.0,,62.1,,64.0,,65.7,,67.1,,67.4,,67.8,,68.1,,68.5,,68.9,,69.4,,69.4,,124,,..,,86,,..,,56,,46,,..,,42,,41,,39,,..,,..,,39,
Iran (Islamic Republic of),..,,..,,..,,..,,..,,3.2,,3.4,,3.0,,..,,3.0,,..,,..,,3.0,,51.1,,50.1,,61.8,,68.2,,69.8,,71.3,,71.6,,71.9,,72.2,,72.5,,72.7,,73.0,,73.0,,127,,..,,73,,..,,48,,37,,..,,34,,32,,31,,..,,..,,31,
Iraq,..,,..,,..,,..,,..,,3.0,,2.5,,1.9,,..,,1.9,,..,,..,,1.9,,56.5,,57.2,,67.5,,71.3,,70.8,,68.4,,68.0,,67.8,,67.8,,68.1,,68.5,,69.0,,69.0,,81,,..,,53,,..,,48,,45,,..,,44,,44,,44,,..,,..,,44,
Ireland,..,,..,,..,,..,,..,,5.6,,5.5,,6.1,,..,,6.1,,..,,..,,6.1,,72.5,,73.6,,74.7,,75.6,,76.7,,78.7,,79.1,,79.5,,79.8,,80.1,,80.4,,80.6,,80.6,,15,,..,,9,,..,,7,,5,,..,,5,,4,,4,,..,,..,,4,
Israel,..,,..,,..,,..,,..,,4.6,,4.4,,4.5,,..,,4.5,,..,,..,,4.5,,74.1,,75.2,,76.5,,77.8,,79.0,,80.1,,80.4,,80.6,,80.8,,81.1,,81.4,,81.6,,81.6,,19,,..,,11,,..,,7,,6,,..,,5,,5,,4,,..,,..,,4,
Italy,..,,..,,..,,..,,..,,6.8,,6.9,,6.7,,..,,6.7,,..,,..,,6.7,,74.1,,75.5,,76.9,,78.0,,79.5,,80.9,,81.1,,81.3,,81.4,,81.6,,81.7,,81.9,,81.9,,16,,..,,10,,..,,6,,4,,..,,4,,4,,4,,..,,..,,4,
Jamaica,..,,..,,..,,..,,..,,2.0,,2.1,,2.4,,..,,2.4,,..,,..,,2.4,,70.5,,71.1,,70.7,,70.3,,70.5,,71.5,,71.8,,72.1,,72.4,,72.6,,72.9,,73.1,,73.1,,45,,..,,33,,..,,32,,31,,..,,31,,31,,31,,..,,..,,31,
Japan,..,,..,,..,,..,,..,,6.7,,6.6,,6.5,,..,,6.5,,..,,..,,6.5,,76.2,,77.8,,79.0,,79.9,,81.2,,82.3,,82.5,,82.7,,82.9,,83.0,,83.2,,83.4,,83.4,,10,,..,,6,,..,,4,,4,,..,,4,,3,,3,,..,,..,,3,
Jordan,..,,..,,..,,..,,..,,5.1,,4.6,,5.4,,..,,5.4,,..,,..,,5.4,,67.0,,69.0,,70.4,,71.4,,72.0,,72.6,,72.7,,72.9,,73.0,,73.1,,73.3,,73.4,,73.4,,64,,..,,39,,..,,30,,27,,..,,26,,26,,25,,..,,..,,25,
Kazakhstan,..,,..,,..,,..,,..,,2.5,,2.3,,2.5,,..,,2.5,,..,,..,,2.5,,65.0,,66.9,,66.7,,63.9,,63.5,,65.2,,65.4,,65.7,,66.0,,66.3,,66.7,,67.0,,67.0,,73,,..,,60,,..,,44,,35,,..,,32,,30,,29,,..,,..,,29,
Kenya,..,,..,,..,,..,,..,,1.9,,1.9,,2.0,,..,,2.0,,..,,..,,2.0,,57.7,,59.5,,59.3,,56.2,,52.3,,53.1,,53.7,,54.4,,55.2,,55.9,,56.6,,57.1,,57.1,,110,,..,,99,,..,,105,,93,,..,,88,,86,,84,,..,,..,,84,
Kiribati,..,,..,,..,,..,,..,,12.9,,12.7,,16.1,,..,,16.1,,..,,..,,16.1,,55.9,,58.5,,60.7,,62.6,,64.7,,66.4,,66.7,,67.0,,67.3,,67.6,,67.8,,68.1,,68.1,,117,,..,,89,,..,,63,,53,,..,,50,,48,,46,,..,,..,,46,
Korea (Democratic People's Rep. of),..,,..,,..,,..,,..,,3.0,,3.0,,3.0,,..,,3.0,,..,,..,,3.0,,67.8,,69.5,,70.8,,66.6,,65.3,,68.4,,68.5,,68.6,,68.6,,68.6,,68.7,,68.8,,68.8,,—,,..,,45,,..,,58,,32,,..,,33,,33,,33,,..,,..,,33,
Korea (Republic of),..,,..,,..,,..,,..,,3.0,,3.3,,3.5,,..,,3.5,,..,,..,,3.5,,66.1,,68.9,,71.7,,73.9,,76.1,,78.8,,79.3,,79.7,,80.1,,80.3,,80.5,,80.6,,80.6,,20,,..,,9,,..,,6,,6,,..,,5,,5,,5,,..,,..,,5,
Kuwait,..,,..,,..,,..,,..,,1.6,,1.6,,1.7,,..,,1.7,,..,,..,,1.7,,70.2,,71.5,,72.5,,73.1,,73.5,,73.9,,74.0,,74.1,,74.2,,74.3,,74.5,,74.6,,74.6,,30,,..,,17,,..,,13,,11,,..,,10,,10,,10,,..,,..,,10,
Kyrgyzstan,..,,..,,..,,..,,..,,2.4,,3.2,,3.5,,..,,3.5,,..,,..,,3.5,,63.1,,65.1,,66.3,,66.0,,66.2,,66.6,,66.6,,66.7,,66.9,,67.1,,67.4,,67.7,,67.7,,109,,..,,75,,..,,51,,43,,..,,39,,38,,37,,..,,..,,37,
Lao People's Democratic Republic,..,,..,,..,,..,,..,,0.7,,0.7,,0.8,,..,,0.8,,..,,..,,0.8,,48.8,,51.0,,54.3,,58.2,,61.4,,64.5,,65.1,,65.7,,66.2,,66.7,,67.1,,67.5,,67.5,,188,,..,,157,,..,,86,,70,,..,,64,,61,,59,,..,,..,,59,
Latvia,..,,..,,..,,..,,..,,3.6,,4.3,,3.6,,..,,3.6,,..,,..,,3.6,,69.1,,69.9,,69.0,,68.6,,70.6,,71.8,,72.0,,72.2,,72.5,,72.7,,73.0,,73.3,,73.3,,21,,..,,16,,..,,14,,11,,..,,9,,9,,8,,..,,..,,8,
Lebanon,..,,..,,..,,..,,..,,3.7,,4.0,,3.9,,..,,3.9,,..,,..,,3.9,,66.6,,67.5,,68.7,,69.9,,70.6,,71.5,,71.7,,71.9,,72.1,,72.3,,72.5,,72.6,,72.6,,46,,..,,40,,..,,24,,17,,..,,14,,13,,12,,..,,..,,12,
Lesotho,..,,..,,..,,..,,..,,3.3,,3.9,,3.6,,..,,3.6,,..,,..,,3.6,,53.8,,56.4,,59.5,,57.1,,47.7,,44.3,,44.8,,45.4,,46.1,,46.9,,47.6,,48.2,,48.2,,127,,..,,93,,..,,124,,114,,..,,104,,91,,84,,..,,..,,84,
Liberia,..,,..,,..,,..,,..,,1.6,,1.9,,2.8,,..,,2.8,,..,,..,,2.8,,43.8,,43.2,,42.3,,42.2,,46.0,,52.0,,53.0,,53.9,,54.8,,55.5,,56.2,,56.8,,56.8,,234,,..,,247,,..,,198,,144,,..,,127,,119,,112,,..,,..,,112,
Libyan Arab Jamahiriya,..,,..,,..,,..,,..,,1.7,,1.6,,1.9,,..,,1.9,,..,,..,,1.9,,60.1,,64.6,,67.8,,70.4,,72.3,,73.4,,73.7,,73.9,,74.1,,74.4,,74.6,,74.8,,74.8,,68,,..,,36,,..,,25,,21,,..,,20,,19,,19,,..,,..,,19,
Liechtenstein,..,,..,,..,,..,,..,,..,,..,,..,,..,,..,,..,,..,,..,,73.6,,74.9,,76.1,,77.2,,78.2,,78.9,,79.0,,79.1,,79.3,,79.4,,79.5,,79.6,,79.6,,—,,..,,10,,..,,6,,4,,..,,3,,2,,2,,..,,..,,2,
Lithuania,..,,..,,..,,..,,..,,4.0,,4.3,,4.5,,..,,4.5,,..,,..,,4.5,,70.7,,71.4,,70.8,,70.0,,71.3,,71.6,,71.5,,71.5,,71.6,,71.7,,71.9,,72.2,,72.2,,21,,..,,15,,..,,10,,9,,..,,7,,7,,6,,..,,..,,6,
Luxembourg,..,,..,,..,,..,,..,,6.9,,6.6,,6.5,,..,,6.5,,..,,..,,6.5,,72.0,,73.6,,75.0,,76.2,,77.5,,78.8,,79.0,,79.3,,79.5,,79.6,,79.8,,80.0,,80.0,,13,,..,,9,,..,,5,,4,,..,,3,,3,,3,,..,,..,,3,
Madagascar,..,,..,,..,,..,,..,,2.5,,2.6,,2.7,,..,,2.7,,..,,..,,2.7,,48.2,,49.3,,50.7,,54.9,,59.7,,64.1,,64.8,,65.4,,65.9,,66.2,,66.5,,66.7,,66.7,,173,,..,,167,,..,,100,,74,,..,,65,,61,,58,,..,,..,,58,
Malawi,..,,..,,..,,..,,..,,7.2,,8.9,,5.9,,..,,5.9,,..,,..,,5.9,,44.4,,46.1,,47.1,,46.7,,46.0,,49.0,,49.9,,50.9,,51.9,,52.7,,53.5,,54.2,,54.2,,254,,..,,218,,..,,164,,134,,..,,122,,115,,110,,..,,..,,110,
Malaysia,..,,..,,..,,..,,..,,1.8,,1.9,,1.9,,..,,1.9,,..,,..,,1.9,,67.4,,68.8,,70.1,,71.1,,72.1,,72.9,,73.1,,73.3,,73.5,,73.7,,74.0,,74.2,,74.2,,31,,..,,18,,..,,10,,8,,..,,7,,6,,6,,..,,..,,6,
Maldives,..,,..,,..,,..,,..,,6.8,,6.8,,6.4,,..,,6.4,,..,,..,,6.4,,52.6,,57.3,,60.9,,65.2,,70.3,,74.3,,74.9,,75.4,,75.8,,76.2,,76.5,,76.8,,76.8,,168,,..,,113,,..,,53,,24,,..,,18,,15,,13,,..,,..,,13,
Mali,..,,..,,..,,..,,..,,2.7,,2.8,,2.9,,..,,2.9,,..,,..,,2.9,,39.6,,42.2,,44.2,,45.8,,47.3,,49.0,,49.4,,49.8,,50.2,,50.6,,51.0,,51.4,,51.4,,299,,..,,250,,..,,217,,202,,..,,197,,194,,191,,..,,..,,191,
Malta,..,,..,,..,,..,,..,,6.5,,6.4,,5.8,,..,,5.8,,..,,..,,5.8,,73.0,,74.2,,75.3,,76.3,,77.4,,78.3,,78.5,,78.7,,79.0,,79.2,,79.4,,79.6,,79.6,,17,,..,,11,,..,,7,,7,,..,,7,,7,,7,,..,,..,,7,
Marshall Islands,..,,..,,..,,..,,..,,13.2,,14.1,,14.3,,..,,14.3,,..,,..,,14.3,,59.2,,60.4,,62.3,,64.9,,67.5,,69.9,,70.3,,70.7,,71.1,,71.4,,71.8,,72.0,,72.0,,87,,..,,49,,..,,39,,37,,..,,36,,36,,35,,..,,..,,35,
Mauritania,..,,..,,..,,..,,..,,1.8,,1.6,,1.6,,..,,1.6,,..,,..,,1.6,,53.0,,54.9,,56.0,,56.7,,57.1,,57.3,,57.4,,57.5,,57.7,,58.0,,58.3,,58.6,,58.6,,153,,..,,129,,..,,122,,119,,..,,118,,118,,117,,..,,..,,117,
Mauritius,..,,..,,..,,..,,..,,2.2,,1.9,,2.0,,..,,2.0,,..,,..,,2.0,,67.1,,68.4,,69.4,,70.3,,71.2,,72.5,,72.7,,72.8,,72.9,,73.1,,73.2,,73.4,,73.4,,40,,..,,24,,..,,19,,15,,..,,16,,17,,17,,..,,..,,17,
Mexico,..,,..,,..,,..,,..,,2.7,,2.6,,2.7,,..,,2.7,,..,,..,,2.7,,66.6,,68.8,,70.8,,72.8,,74.3,,75.6,,75.8,,76.1,,76.3,,76.5,,76.7,,77.0,,77.0,,73,,..,,45,,..,,26,,20,,..,,19,,18,,17,,..,,..,,17,
Micronesia (Federated States of),..,,..,,..,,..,,..,,12.6,,12.7,,12.6,,..,,12.6,,..,,..,,12.6,,65.2,,65.6,,66.2,,66.8,,67.3,,67.9,,68.1,,68.3,,68.4,,68.6,,68.8,,69.0,,69.0,,—,,..,,58,,..,,47,,42,,..,,40,,39,,39,,..,,..,,39,
Moldova (Republic of),..,,..,,..,,..,,..,,4.2,,4.4,,5.2,,..,,5.2,,..,,..,,5.2,,64.6,,66.1,,67.5,,66.9,,67.0,,67.9,,68.0,,68.2,,68.4,,68.7,,69.0,,69.3,,69.3,,52,,..,,37,,..,,24,,20,,..,,18,,17,,17,,..,,..,,17,
Monaco,..,,..,,..,,..,,..,,3.5,,3.3,,2.9,,..,,2.9,,..,,..,,2.9,,75.2,,76.2,,77.2,,78.1,,79.8,,81.3,,81.5,,81.7,,81.8,,82.0,,82.1,,82.2,,82.2,,—,,..,,8,,..,,5,,4,,..,,4,,4,,4,,..,,..,,4,
Mongolia,..,,..,,..,,..,,..,,3.0,,3.1,,3.5,,..,,3.5,,..,,..,,3.5,,57.3,,58.8,,60.5,,61.2,,63.1,,66.0,,66.5,,67.0,,67.5,,67.9,,68.2,,68.5,,68.5,,146,,..,,101,,..,,63,,41,,..,,34,,31,,29,,..,,..,,29,
Montenegro,..,,..,,..,,..,,..,,6.2,,5.6,,5.1,,..,,5.1,,..,,..,,5.1,,73.7,,74.4,,75.5,,75.9,,74.9,,74.1,,74.0,,74.0,,74.1,,74.2,,74.4,,74.6,,74.6,,—,,..,,17,,..,,14,,11,,..,,10,,9,,9,,..,,..,,9,
Morocco,..,,..,,..,,..,,..,,1.4,,1.7,,1.7,,..,,1.7,,..,,..,,1.7,,57.7,,61.3,,64.1,,66.6,,68.7,,70.4,,70.7,,71.0,,71.3,,71.6,,71.9,,72.2,,72.2,,143,,..,,89,,..,,55,,45,,..,,41,,39,,38,,..,,..,,38,
Mozambique,..,,..,,..,,..,,..,,3.9,,3.5,,3.5,,..,,3.5,,..,,..,,3.5,,42.8,,42.7,,43.2,,45.5,,47.3,,48.1,,48.3,,48.6,,49.0,,49.4,,49.8,,50.2,,50.2,,258,,..,,232,,..,,183,,162,,..,,152,,147,,142,,..,,..,,142,
Myanmar,..,,..,,..,,..,,..,,0.2,,0.3,,0.2,,..,,0.2,,..,,..,,0.2,,55.1,,55.5,,57.3,,60.1,,61.9,,62.9,,63.2,,63.5,,63.8,,64.2,,64.7,,65.2,,65.2,,135,,..,,118,,..,,85,,77,,..,,74,,73,,71,,..,,..,,71,
Namibia,..,,..,,..,,..,,..,,3.6,,3.1,,3.2,,..,,3.2,,..,,..,,3.2,,57.9,,59.8,,60.9,,60.4,,57.7,,58.7,,59.5,,60.3,,61.1,,61.7,,62.2,,62.5,,62.5,,90,,..,,73,,..,,76,,61,,..,,54,,50,,48,,..,,..,,48,
Nauru,..,,..,,..,,..,,..,,..,,..,,..,,..,,..,,..,,..,,..,,71.5,,73.2,,75.1,,76.8,,78.2,,79.1,,79.3,,79.4,,79.5,,79.7,,79.8,,79.9,,79.9,,—,,..,,—,,..,,51,,47,,..,,46,,45,,44,,..,,..,,44,
Nepal,..,,..,,..,,..,,..,,1.5,,1.6,,2.0,,..,,2.0,,..,,..,,2.0,,48.2,,51.1,,54.0,,57.5,,61.6,,65.6,,66.4,,67.0,,67.6,,68.1,,68.5,,68.8,,68.8,,192,,..,,142,,..,,85,,62,,..,,55,,51,,48,,..,,..,,48,
Netherlands,..,,..,,..,,..,,..,,5.9,,7.4,,7.3,,..,,7.3,,..,,..,,7.3,,75.7,,76.5,,77.0,,77.5,,78.2,,79.5,,79.7,,80.0,,80.2,,80.4,,80.6,,80.7,,80.7,,11,,..,,8,,..,,6,,5,,..,,5,,5,,4,,..,,..,,4,
New Zealand,..,,..,,..,,..,,..,,6.7,,7.2,,7.1,,..,,7.1,,..,,..,,7.1,,73.0,,73.9,,75.2,,76.9,,78.2,,79.6,,79.8,,80.0,,80.2,,80.4,,80.5,,80.7,,80.7,,15,,..,,11,,..,,7,,7,,..,,6,,6,,6,,..,,..,,6,
Nicaragua,..,,..,,..,,..,,..,,4.2,,4.2,,4.5,,..,,4.5,,..,,..,,4.5,,58.5,,60.7,,64.2,,67.3,,69.7,,72.0,,72.4,,72.8,,73.2,,73.5,,73.8,,74.0,,74.0,,113,,..,,68,,..,,42,,32,,..,,29,,27,,26,,..,,..,,26,
Niger,..,,..,,..,,..,,..,,2.9,,3.2,,2.8,,..,,2.8,,..,,..,,2.8,,39.5,,40.1,,41.5,,44.5,,48.3,,51.7,,52.3,,52.8,,53.3,,53.8,,54.3,,54.7,,54.7,,310,,..,,305,,..,,227,,187,,..,,173,,167,,160,,..,,..,,160,
Nigeria,..,,..,,..,,..,,..,,1.9,,1.8,,1.7,,..,,1.7,,..,,..,,1.7,,45.5,,45.9,,45.6,,45.1,,46.3,,49.0,,49.5,,50.0,,50.5,,51.0,,51.4,,51.9,,51.9,,213,,..,,212,,..,,190,,159,,..,,148,,143,,138,,..,,..,,138,
Norway,..,,..,,..,,..,,..,,7.6,,7.2,,7.5,,..,,7.5,,..,,..,,7.5,,75.6,,76.0,,76.5,,77.7,,78.7,,79.8,,80.1,,80.3,,80.5,,80.7,,80.9,,81.1,,81.1,,10,,..,,9,,..,,5,,4,,..,,4,,4,,3,,..,,..,,3,
Occupied Palestinian Territory,..,,..,,..,,..,,..,,..,,..,,..,,..,,..,,..,,..,,..,,62.8,,65.9,,68.1,,69.7,,70.9,,71.8,,71.9,,72.1,,72.3,,72.5,,72.6,,72.8,,72.8,,68,,..,,43,,..,,30,,30,,..,,30,,30,,30,,..,,..,,30,
Oman,..,,..,,..,,..,,..,,2.1,,1.9,,1.9,,..,,1.9,,..,,..,,1.9,,60.8,,66.0,,70.6,,72.9,,74.0,,73.4,,73.2,,72.9,,72.8,,72.7,,72.8,,73.0,,73.0,,105,,..,,48,,..,,22,,16,,..,,14,,13,,12,,..,,..,,12,
Pakistan,..,,..,,..,,..,,..,,0.7,,0.8,,0.8,,..,,0.8,,..,,..,,0.8,,57.9,,59.4,,60.7,,62.0,,63.1,,64.1,,64.3,,64.5,,64.7,,64.9,,65.2,,65.4,,65.4,,154,,..,,130,,..,,108,,96,,..,,91,,89,,87,,..,,..,,87,
Palau,..,,..,,..,,..,,..,,8.4,,8.5,,8.5,,..,,8.5,,..,,..,,8.5,,59.2,,60.4,,62.3,,65.0,,67.6,,69.8,,70.1,,70.5,,70.9,,71.2,,71.5,,71.8,,71.8,,32,,..,,21,,..,,16,,15,,..,,15,,15,,15,,..,,..,,15,
Panama,..,,..,,..,,..,,..,,5.2,,4.7,,4.3,,..,,4.3,,..,,..,,4.3,,69.9,,71.3,,72.3,,73.2,,74.2,,75.1,,75.3,,75.4,,75.6,,75.8,,76.0,,76.1,,76.1,,47,,..,,31,,..,,26,,24,,..,,24,,23,,23,,..,,..,,23,
Papua New Guinea,..,,..,,..,,..,,..,,3.7,,2.7,,2.6,,..,,2.6,,..,,..,,2.6,,52.8,,54.7,,55.6,,57.2,,58.7,,60.5,,60.9,,61.3,,61.7,,62.1,,62.4,,62.8,,62.8,,113,,..,,91,,..,,77,,72,,..,,70,,69,,68,,..,,..,,68,
Paraguay,..,,..,,..,,..,,..,,3.2,,2.9,,2.4,,..,,2.4,,..,,..,,2.4,,66.8,,67.3,,68.0,,68.9,,70.0,,71.2,,71.5,,71.7,,71.9,,72.1,,72.3,,72.5,,72.5,,60,,..,,42,,..,,30,,26,,..,,24,,23,,23,,..,,..,,23,
Peru,..,,..,,..,,..,,..,,2.7,,2.5,,2.5,,..,,2.5,,..,,..,,2.5,,60.0,,63.0,,65.6,,68.0,,70.5,,72.5,,72.8,,73.1,,73.3,,73.6,,73.8,,74.0,,74.0,,120,,..,,78,,..,,40,,28,,..,,24,,23,,21,,..,,..,,21,
Philippines,..,,..,,..,,..,,..,,1.3,,1.3,,1.3,,..,,1.3,,..,,..,,1.3,,63.2,,64.2,,65.2,,66.0,,66.8,,67.4,,67.6,,67.8,,68.0,,68.2,,68.5,,68.7,,68.7,,80,,..,,59,,..,,38,,35,,..,,34,,34,,33,,..,,..,,33,
Poland,..,,..,,..,,..,,..,,4.3,,4.3,,4.6,,..,,4.6,,..,,..,,4.6,,70.8,,71.0,,70.9,,71.8,,73.7,,75.1,,75.3,,75.5,,75.6,,75.8,,76.0,,76.1,,76.1,,24,,..,,17,,..,,9,,8,,..,,7,,7,,7,,..,,..,,7,
Portugal,..,,..,,..,,..,,..,,7.3,,7.1,,7.1,,..,,7.1,,..,,..,,7.1,,71.3,,73.2,,74.3,,75.2,,76.6,,78.0,,78.2,,78.5,,78.8,,79.0,,79.3,,79.5,,79.5,,27,,..,,15,,..,,7,,5,,..,,4,,4,,4,,..,,..,,4,
Qatar,..,,..,,..,,..,,..,,3.1,,3.1,,2.9,,..,,2.9,,..,,..,,2.9,,71.1,,72.7,,74.1,,75.3,,76.4,,77.4,,77.6,,77.8,,77.9,,78.1,,78.2,,78.4,,78.4,,39,,..,,19,,..,,14,,12,,..,,12,,11,,11,,..,,..,,11,
Romania,..,,..,,..,,..,,..,,3.8,,3.5,,3.8,,..,,3.8,,..,,..,,3.8,,69.6,,69.6,,69.4,,69.4,,70.5,,72.4,,72.7,,73.0,,73.3,,73.5,,73.8,,74.0,,74.0,,34,,..,,32,,..,,22,,18,,..,,15,,13,,12,,..,,..,,12,
Russian Federation,..,,..,,..,,..,,..,,3.2,,3.4,,3.5,,..,,3.5,,..,,..,,3.5,,67.5,,68.4,,68.0,,66.0,,65.0,,66.1,,66.7,,67.2,,67.7,,68.2,,68.5,,68.8,,68.8,,33,,..,,27,,..,,24,,17,,..,,15,,13,,12,,..,,..,,12,
Rwanda,..,,..,,..,,..,,..,,4.5,,4.7,,4.9,,..,,4.9,,..,,..,,4.9,,48.2,,49.3,,32.8,,30.5,,46.6,,52.3,,53.0,,53.7,,54.3,,54.7,,55.1,,55.4,,55.4,,203,,..,,171,,..,,180,,138,,..,,124,,117,,111,,..,,..,,111,
Saint Kitts and Nevis,..,,..,,..,,..,,..,,3.4,,3.6,,3.4,,..,,3.4,,..,,..,,3.4,,65.0,,66.0,,67.3,,68.6,,70.2,,71.7,,72.0,,72.2,,72.4,,72.7,,72.9,,73.1,,73.1,,54,,..,,26,,..,,21,,17,,..,,16,,16,,15,,..,,..,,15,
Saint Lucia,..,,..,,..,,..,,..,,3.1,,3.5,,3.4,,..,,3.4,,..,,..,,3.4,,69.1,,70.5,,70.9,,71.3,,71.7,,73.1,,73.4,,73.7,,74.0,,74.2,,74.5,,74.6,,74.6,,32,,..,,20,,..,,17,,18,,..,,19,,19,,20,,..,,..,,20,
Saint Vincent and the Grenadines,..,,..,,..,,..,,..,,3.7,,3.9,,3.3,,..,,3.3,,..,,..,,3.3,,65.8,,67.8,,69.3,,70.1,,70.4,,71.1,,71.3,,71.5,,71.7,,71.9,,72.1,,72.3,,72.3,,59,,..,,24,,..,,23,,16,,..,,14,,13,,12,,..,,..,,12,
Samoa,..,,..,,..,,..,,..,,3.8,,4.0,,4.2,,..,,4.2,,..,,..,,4.2,,59.9,,62.4,,64.9,,67.3,,69.3,,70.9,,71.1,,71.4,,71.7,,71.9,,72.2,,72.4,,72.4,,71,,..,,50,,..,,34,,29,,..,,27,,26,,25,,..,,..,,25,
San Marino,..,,..,,..,,..,,..,,6.4,,6.1,,6.1,,..,,6.1,,..,,..,,6.1,,76.7,,77.7,,78.6,,79.7,,80.6,,81.2,,81.3,,81.4,,81.5,,81.6,,81.7,,81.8,,81.8,,—,,..,,15,,..,,6,,3,,..,,2,,2,,2,,..,,..,,2,
Sao Tome and Principe,..,,..,,..,,..,,..,,5.8,,6.7,,5.3,,..,,5.3,,..,,..,,5.3,,59.5,,60.2,,60.9,,61.7,,62.4,,63.3,,63.5,,63.7,,63.9,,64.2,,64.4,,64.7,,64.7,,105,,..,,95,,..,,86,,81,,..,,79,,79,,78,,..,,..,,78,
Saudi Arabia,..,,..,,..,,..,,..,,2.6,,2.8,,2.7,,..,,2.7,,..,,..,,2.7,,62.2,,65.9,,68.6,,70.2,,71.3,,72.5,,72.8,,73.0,,73.3,,73.5,,73.7,,73.9,,73.9,,90,,..,,43,,..,,23,,22,,..,,21,,21,,21,,..,,..,,21,
Senegal,..,,..,,..,,..,,..,,3.0,,3.3,,3.2,,..,,3.2,,..,,..,,3.2,,47.3,,51.0,,53.2,,54.4,,55.8,,57.4,,57.7,,58.0,,58.3,,58.7,,59.0,,59.3,,59.3,,205,,..,,151,,..,,120,,104,,..,,98,,95,,93,,..,,..,,93,
Serbia,..,,..,,..,,..,,..,,6.0,,5.9,,6.1,,..,,6.1,,..,,..,,6.1,,70.3,,70.7,,71.6,,72.0,,72.7,,73.6,,73.8,,73.9,,74.1,,74.2,,74.4,,74.5,,74.5,,—,,..,,29,,..,,12,,9,,..,,8,,8,,7,,..,,..,,7,
Seychelles,..,,..,,..,,..,,..,,3.9,,3.8,,3.6,,..,,3.6,,..,,..,,3.6,,67.8,,69.3,,70.3,,71.1,,71.8,,72.6,,72.7,,72.9,,73.1,,73.2,,73.4,,73.6,,73.6,,28,,..,,15,,..,,14,,13,,..,,13,,13,,12,,..,,..,,12,
Sierra Leone,..,,..,,..,,..,,..,,1.9,,1.5,,1.4,,..,,1.4,,..,,..,,1.4,,43.1,,42.9,,38.7,,37.2,,39.8,,44.3,,45.1,,45.8,,46.4,,47.0,,47.4,,47.8,,47.8,,322,,..,,285,,..,,250,,216,,..,,204,,198,,192,,..,,..,,192,
Singapore,..,,..,,..,,..,,..,,1.1,,1.1,,1.0,,..,,1.0,,..,,..,,1.0,,71.6,,73.1,,75.6,,77.5,,78.7,,80.0,,80.3,,80.5,,80.7,,80.8,,81.0,,81.1,,81.1,,14,,..,,8,,..,,4,,3,,..,,3,,3,,3,,..,,..,,3,
Slovakia,..,,..,,..,,..,,..,,5.2,,5.0,,5.2,,..,,5.2,,..,,..,,5.2,,70.6,,70.8,,71.2,,72.1,,73.3,,74.3,,74.5,,74.7,,74.8,,75.0,,75.2,,75.4,,75.4,,—,,..,,15,,..,,10,,8,,..,,8,,7,,7,,..,,..,,7,
Slovenia,..,,..,,..,,..,,..,,6.1,,6.0,,5.6,,..,,5.6,,..,,..,,5.6,,71.0,,71.7,,73.1,,74.4,,75.9,,77.7,,78.0,,78.4,,78.7,,78.9,,79.2,,79.3,,79.3,,—,,..,,10,,..,,5,,4,,..,,4,,3,,3,,..,,..,,3,
Solomon Islands,..,,..,,..,,..,,..,,4.2,,4.3,,4.3,,..,,4.3,,..,,..,,4.3,,58.8,,57.2,,56.7,,59.7,,62.8,,65.5,,65.9,,66.3,,66.7,,67.1,,67.5,,67.9,,67.9,,53,,..,,38,,..,,37,,36,,..,,36,,36,,36,,..,,..,,36,
Somalia,..,,..,,..,,..,,..,,..,,..,,..,,..,,..,,..,,..,,..,,42.9,,45.3,,44.5,,44.7,,48.3,,49.9,,50.1,,50.2,,50.4,,50.7,,50.9,,51.2,,51.2,,—,,..,,180,,..,,180,,180,,..,,180,,180,,180,,..,,..,,180,
South Africa,..,,..,,..,,..,,..,,3.5,,3.6,,3.6,,..,,3.6,,..,,..,,3.6,,56.9,,59.8,,61.5,,59.9,,54.8,,51.1,,51.0,,51.1,,51.4,,51.8,,52.2,,52.8,,52.8,,94,,..,,62,,..,,77,,79,,..,,69,,65,,62,,..,,..,,62,
Spain,..,,..,,..,,..,,..,,5.8,,6.0,,6.1,,..,,6.1,,..,,..,,6.1,,75.1,,76.4,,77.0,,77.9,,79.1,,80.0,,80.2,,80.4,,80.7,,80.9,,81.2,,81.4,,81.4,,16,,..,,9,,..,,5,,5,,..,,4,,4,,4,,..,,..,,4,
Sri Lanka,..,,..,,..,,..,,..,,1.9,,2.0,,2.0,,..,,2.0,,..,,..,,2.0,,68.1,,69.2,,69.5,,69.1,,70.9,,74.0,,74.2,,74.3,,74.5,,74.6,,74.8,,74.9,,74.9,,46,,..,,28,,..,,21,,17,,..,,16,,15,,15,,..,,..,,15,
Sudan*,..,,..,,..,,..,,..,,1.4,,1.5,,1.3,,..,,1.3,,..,,..,,1.3,,49.3,,51.0,,52.5,,54.3,,57.0,,59.6,,59.9,,60.2,,60.5,,60.8,,61.1,,61.5,,61.5,,138,,..,,124,,..,,115,,111,,..,,110,,109,,108,,..,,..,,108,
Suriname,..,,..,,..,,..,,..,,3.5,,3.9,,3.6,,..,,3.6,,..,,..,,3.6,,65.9,,66.9,,67.4,,67.7,,67.9,,68.8,,69.1,,69.4,,69.7,,70.0,,70.3,,70.6,,70.6,,60,,..,,51,,..,,38,,31,,..,,29,,27,,26,,..,,..,,26,
Swaziland,..,,..,,..,,..,,..,,5.1,,4.3,,3.8,,..,,3.8,,..,,..,,3.8,,54.3,,57.5,,59.5,,56.5,,48.7,,45.9,,46.3,,46.8,,47.4,,47.9,,48.4,,48.7,,48.7,,125,,..,,92,,..,,105,,106,,..,,87,,77,,73,,..,,..,,73,
Sweden,..,,..,,..,,..,,..,,7.5,,7.4,,7.4,,..,,7.4,,..,,..,,7.4,,75.8,,76.8,,77.6,,78.7,,79.6,,80.5,,80.6,,80.8,,81.0,,81.1,,81.3,,81.4,,81.4,,8,,..,,7,,..,,4,,4,,..,,3,,3,,3,,..,,..,,3,
Switzerland,..,,..,,..,,..,,..,,6.7,,6.4,,6.4,,..,,6.4,,..,,..,,6.4,,75.7,,76.7,,77.6,,78.6,,79.9,,81.3,,81.5,,81.7,,81.9,,82.1,,82.2,,82.3,,82.3,,10,,..,,8,,..,,6,,5,,..,,5,,5,,4,,..,,..,,4,
Syrian Arab Republic,..,,..,,..,,..,,..,,2.1,,1.9,,1.6,,..,,1.6,,..,,..,,1.6,,66.2,,68.8,,71.1,,72.9,,74.1,,74.9,,75.1,,75.3,,75.4,,75.6,,75.7,,75.9,,75.9,,74,,..,,36,,..,,22,,18,,..,,17,,17,,16,,..,,..,,16,
Tajikistan,..,,..,,..,,..,,..,,1.1,,1.1,,1.1,,..,,1.1,,..,,..,,1.1,,62.4,,63.4,,62.9,,62.3,,63.6,,65.4,,65.8,,66.2,,66.6,,66.9,,67.2,,67.5,,67.5,,127,,..,,117,,..,,94,,74,,..,,67,,64,,61,,..,,..,,61,
Tanzania (United Republic of),..,,..,,..,,..,,..,,1.9,,3.8,,3.5,,..,,3.5,,..,,..,,3.5,,50.5,,51.2,,50.6,,49.6,,50.4,,53.4,,54.2,,55.0,,55.8,,56.6,,57.4,,58.2,,58.2,,176,,..,,162,,..,,139,,123,,..,,116,,111,,108,,..,,..,,108,
Thailand,..,,..,,..,,..,,..,,2.3,,2.5,,2.7,,..,,2.7,,..,,..,,2.7,,65.5,,70.1,,72.5,,72.3,,72.5,,73.2,,73.4,,73.5,,73.6,,73.8,,74.0,,74.1,,74.1,,60,,..,,32,,..,,20,,16,,..,,15,,14,,14,,..,,..,,14,
The former Yugoslav Republic of Macedonia,..,,..,,..,,..,,..,,5.5,,5.3,,4.7,,..,,4.7,,..,,..,,4.7,,69.6,,70.1,,71.4,,72.2,,72.9,,73.8,,74.0,,74.1,,74.3,,74.5,,74.7,,74.8,,74.8,,—,,..,,36,,..,,19,,14,,..,,12,,11,,11,,..,,..,,11,
Timor-Leste,..,,..,,..,,..,,..,,12.4,,14.1,,11.5,,..,,11.5,,..,,..,,11.5,,34.6,,41.8,,45.8,,51.2,,56.2,,59.6,,60.2,,60.6,,61.1,,61.6,,62.0,,62.5,,62.5,,238,,..,,184,,..,,106,,74,,..,,65,,60,,56,,..,,..,,56,
Togo,..,,..,,..,,..,,..,,1.4,,1.7,,1.5,,..,,1.5,,..,,..,,1.5,,49.7,,51.5,,53.0,,54.1,,54.8,,55.3,,55.5,,55.7,,55.9,,56.2,,56.6,,57.1,,57.1,,176,,..,,150,,..,,124,,109,,..,,103,,100,,98,,..,,..,,98,
Tonga,..,,..,,..,,..,,..,,3.6,,3.8,,3.1,,..,,3.1,,..,,..,,3.1,,67.5,,68.7,,69.6,,70.2,,70.8,,71.5,,71.6,,71.8,,71.9,,72.0,,72.2,,72.3,,72.3,,30,,..,,23,,..,,20,,20,,..,,19,,19,,19,,..,,..,,19,
Trinidad and Tobago,..,,..,,..,,..,,..,,2.4,,2.3,,2.7,,..,,2.7,,..,,..,,2.7,,67.2,,68.2,,68.9,,69.0,,68.5,,68.7,,69.0,,69.2,,69.4,,69.7,,69.9,,70.1,,70.1,,41,,..,,34,,..,,34,,35,,..,,35,,35,,35,,..,,..,,35,
Tunisia,..,,..,,..,,..,,..,,3.2,,3.2,,3.0,,..,,3.0,,..,,..,,3.0,,62.1,,65.6,,68.6,,71.2,,72.6,,73.5,,73.7,,73.8,,74.0,,74.2,,74.3,,74.5,,74.5,,99,,..,,50,,..,,27,,23,,..,,22,,21,,21,,..,,..,,21,
Turkey,..,,..,,..,,..,,..,,4.1,,3.5,,3.4,,..,,3.4,,..,,..,,3.4,,56.5,,60.1,,63.1,,66.1,,69.5,,72.1,,72.5,,72.8,,73.2,,73.5,,73.7,,74.0,,74.0,,137,,..,,84,,..,,42,,28,,..,,24,,22,,20,,..,,..,,20,
Turkmenistan,..,,..,,..,,..,,..,,2.0,,1.5,,1.4,,..,,1.4,,..,,..,,1.4,,61.0,,62.4,,62.8,,63.1,,63.9,,64.4,,64.5,,64.6,,64.7,,64.7,,64.8,,65.0,,65.0,,126,,..,,99,,..,,71,,55,,..,,50,,48,,45,,..,,..,,45,
Tuvalu,..,,..,,..,,..,,..,,..,,..,,..,,..,,..,,..,,..,,..,,55.9,,58.4,,61.2,,62.9,,63.8,,65.2,,65.5,,65.9,,66.2,,66.5,,66.9,,67.2,,67.2,,67,,..,,53,,..,,43,,38,,..,,37,,36,,35,,..,,..,,35,
Uganda,..,,..,,..,,..,,..,,1.9,,1.8,,1.6,,..,,1.6,,..,,..,,1.6,,50.1,,49.6,,47.4,,44.9,,46.1,,50.2,,51.0,,51.8,,52.5,,53.1,,53.7,,54.1,,54.1,,187,,..,,184,,..,,154,,139,,..,,133,,130,,128,,..,,..,,128,
Ukraine,..,,..,,..,,..,,..,,3.8,,3.9,,4.0,,..,,4.0,,..,,..,,4.0,,69.3,,70.2,,69.8,,67.9,,67.4,,67.5,,67.5,,67.6,,67.7,,67.9,,68.2,,68.5,,68.5,,27,,..,,21,,..,,19,,17,,..,,16,,16,,15,,..,,..,,15,
United Arab Emirates,..,,..,,..,,..,,..,,1.8,,1.8,,1.9,,..,,1.9,,..,,..,,1.9,,68.2,,70.2,,71.8,,73.1,,74.4,,75.5,,75.7,,75.8,,76.0,,76.2,,76.4,,76.5,,76.5,,30,,..,,17,,..,,11,,9,,..,,8,,8,,7,,..,,..,,7,
United Kingdom,..,,..,,..,,..,,..,,6.7,,6.9,,6.9,,..,,6.9,,..,,..,,6.9,,73.5,,74.6,,75.6,,76.6,,77.7,,79.0,,79.2,,79.5,,79.7,,79.9,,80.0,,80.2,,80.2,,14,,..,,10,,..,,7,,6,,..,,6,,6,,6,,..,,..,,6,
United States,..,,..,,..,,..,,..,,6.9,,7.0,,7.1,,..,,7.1,,..,,..,,7.1,,73.9,,74.6,,75.2,,76.0,,76.8,,77.6,,77.7,,77.9,,78.1,,78.2,,78.4,,78.5,,78.5,,15,,..,,11,,..,,8,,8,,..,,8,,8,,8,,..,,..,,8,
Uruguay,..,,..,,..,,..,,..,,5.8,,6.0,,5.9,,..,,5.9,,..,,..,,5.9,,70.2,,71.5,,72.5,,73.6,,74.7,,75.8,,76.1,,76.3,,76.5,,76.6,,76.8,,77.0,,77.0,,41,,..,,24,,..,,18,,15,,..,,14,,14,,13,,..,,..,,13,
Uzbekistan,..,,..,,..,,..,,..,,2.4,,2.5,,2.3,,..,,2.3,,..,,..,,2.3,,65.4,,67.0,,66.8,,66.4,,67.0,,67.2,,67.3,,67.4,,67.6,,67.8,,68.0,,68.3,,68.3,,108,,..,,74,,..,,62,,46,,..,,41,,38,,36,,..,,..,,36,
Vanuatu,..,,..,,..,,..,,..,,2.5,,2.3,,2.7,,..,,2.7,,..,,..,,2.7,,58.3,,60.9,,63.1,,65.3,,67.4,,69.2,,69.5,,69.8,,70.2,,70.4,,70.7,,71.0,,71.0,,64,,..,,40,,..,,25,,20,,..,,18,,17,,16,,..,,..,,16,
Venezuela (Bolivarian Republic of),..,,..,,..,,..,,..,,2.3,,2.4,,2.7,,..,,2.7,,..,,..,,2.7,,68.2,,69.7,,71.0,,71.8,,72.4,,73.2,,73.4,,73.6,,73.8,,74.0,,74.2,,74.4,,74.4,,46,,..,,32,,..,,23,,20,,..,,19,,18,,18,,..,,..,,18,
Viet Nam,..,,..,,..,,..,,..,,1.5,,2.1,,2.8,,..,,2.8,,..,,..,,2.8,,55.7,,61.1,,65.6,,69.5,,72.0,,73.8,,74.1,,74.3,,74.5,,74.7,,75.0,,75.2,,75.2,,65,,..,,55,,..,,29,,26,,..,,25,,24,,24,,..,,..,,24,
Yemen,..,,..,,..,,..,,..,,1.7,,1.6,,1.5,,..,,1.5,,..,,..,,1.5,,48.9,,53.6,,56.2,,57.4,,59.7,,62.7,,63.2,,63.7,,64.2,,64.6,,65.1,,65.5,,65.5,,189,,..,,125,,..,,100,,80,,..,,73,,70,,66,,..,,..,,66,
Zambia,..,,..,,..,,..,,..,,3.9,,3.9,,3.6,,..,,3.6,,..,,..,,3.6,,52.0,,51.2,,47.5,,43.5,,42.0,,44.4,,45.4,,46.3,,47.1,,47.9,,48.5,,49.0,,49.0,,160,,..,,179,,..,,166,,155,,..,,150,,145,,141,,..,,..,,141,
Zimbabwe,..,,..,,..,,..,,..,,4.1,,4.5,,4.1,,..,,4.1,,..,,..,,4.1,,59.2,,61.5,,60.6,,53.1,,44.7,,44.0,,44.8,,45.9,,47.2,,48.6,,50.0,,51.4,,51.4,,104,,..,,81,,..,,116,,104,,..,,97,,93,,90,,..,,..,,90,
,,,,,,,,,,,,,,,,,,,,,,,,,,,,,,,,,,,,,,,,,,,,,,,,,,,,,,,,,,,,,,,,,,,,,,,,,,,,,,
Very high human development,..,,..,,..,,..,,..,,6.5,,6.5,,6.6,,..,,6.6,,..,,..,,6.6,,73.4,,74.6,,75.5,,76.6,,77.7,,78.9,,79.1,,79.3,,79.5,,79.6,,79.8,,80.0,,80.0,,17,,..,,11,,..,,7,,7,,..,,7,,6,,6,,..,,..,,6,
High human development,..,,..,,..,,..,,..,,3.4,,3.4,,3.4,,..,,3.4,,..,,..,,3.4,,64.8,,66.1,,67.8,,68.8,,69.9,,71.3,,71.6,,71.9,,72.3,,72.6,,72.8,,73.1,,73.1,,76,,..,,48,,..,,31,,23,,..,,21,,20,,19,,..,,..,,19,
Medium human development,..,,..,,..,,..,,..,,1.6,,1.6,,1.7,,..,,1.7,,..,,..,,1.7,,61.4,,63.1,,64.6,,65.8,,66.9,,68.1,,68.3,,68.6,,68.9,,69.1,,69.4,,69.7,,69.7,,107,,..,,79,,..,,63,,52,,..,,48,,46,,44,,..,,..,,44,
Low human development,..,,..,,..,,..,,..,,1.8,,1.9,,1.8,,..,,1.8,,..,,..,,1.8,,50.1,,51.4,,52.4,,53.1,,54.3,,56.3,,56.7,,57.1,,57.5,,57.9,,58.3,,58.7,,58.7,,193,,..,,170,,..,,145,,129,,..,,123,,120,,117,,..,,..,,116,
Arab States (RB),..,,..,,..,,..,,..,,2.2,,2.4,,2.3,,..,,2.3,,..,,..,,2.3,,56.9,,59.9,,63.2,,65.5,,67.5,,69.0,,69.3,,69.5,,69.7,,70.0,,70.2,,70.5,,70.5,,131,,..,,81,,..,,62,,54,,..,,51,,50,,49,,..,,..,,48,
Europe and Central Asia (RB),..,,..,,..,,..,,..,,3.7,,3.6,,3.7,,..,,3.7,,..,,..,,3.7,,67.2,,68.1,,68.2,,67.7,,68.2,,69.5,,69.8,,70.2,,70.5,,70.8,,71.1,,71.3,,71.3,,62,,..,,45,,..,,34,,25,,..,,22,,20,,19,,..,,..,,19,
East Asia and the Pacific (RB),..,,..,,..,,..,,..,,1.7,,1.8,,1.8,,..,,1.8,,..,,..,,1.8,,64.8,,66.5,,67.9,,69.0,,70.0,,71.0,,71.2,,71.5,,71.7,,71.9,,72.2,,72.4,,72.4,,74,,..,,55,,..,,41,,31,,..,,29,,28,,26,,..,,..,,26,
South Asia (RB),..,,..,,..,,..,,..,,1.1,,1.2,,1.2,,..,,1.2,,..,,..,,1.2,,55.2,,56.8,,58.7,,60.4,,62.2,,64.0,,64.3,,64.6,,65.0,,65.3,,65.6,,65.9,,65.9,,156,,..,,121,,..,,95,,80,,..,,74,,71,,69,,..,,..,,69,
Latin America and the Caribbean (RB),..,,..,,..,,..,,..,,3.4,,3.4,,3.5,,..,,3.5,,..,,..,,3.5,,64.4,,66.4,,68.2,,70.0,,71.6,,72.9,,73.1,,73.4,,73.7,,73.9,,74.2,,74.4,,74.4,,82,,..,,52,,..,,33,,26,,..,,24,,23,,22,,..,,..,,23,
Sub-Saharan Africa (RB),..,,..,,..,,..,,..,,2.4,,2.5,,2.4,,..,,2.4,,..,,..,,2.4,,48.1,,49.3,,49.5,,49.2,,49.5,,51.3,,51.9,,52.4,,52.9,,53.4,,54.0,,54.4,,54.4,,193,,..,,181,,..,,161,,143,,..,,136,,132,,129,,..,,..,,129,
Least developed countries,..,,..,,..,,..,,..,,1.9,,2.1,,2.0,,..,,2.0,,..,,..,,2.0,,48.5,,50.1,,51.3,,52.5,,54.4,,56.6,,57.1,,57.5,,57.9,,58.3,,58.7,,59.1,,59.1,,204,,..,,177,,..,,145,,131,,..,,125,,123,,120,,..,,..,,119,
SIDS,..,,..,,..,,..,,..,,4.0,,3.6,,4.2,,..,,4.1,,..,,..,,4.1,,62.6,,63.8,,64.8,,65.9,,67.0,,68.2,,68.4,,68.7,,68.9,,69.2,,69.4,,69.6,,69.6,,99,,..,,83,,..,,67,,61,,..,,58,,58,,57,,..,,..,,58,
World,..,,..,,..,,..,,..,,2.7,,2.7,,2.8,,..,,2.8,,..,,..,,2.7,,62.9,,64.2,,65.3,,66.2,,67.1,,68.3,,68.6,,68.8,,69.1,,69.3,,69.6,,69.8,,69.8,,108,,..,,87,,..,,75,,65,,..,,62,,60,,58,,..,,..,,59,
,,,,,,,,,,,,,,,,,,,,,,,,,,,,,,,,,,,,,,,,,,,,,,,,,,,,,,,,,,,,,,,,,,,,,,,,,,,,,,
,,,,,,,,,,,,,,,,,,,,,,,,,,,,,,,,,,,,,,,,,,,,,,,,,,,,,,,,,,,,,,,,,,,,,,,,,,,,,,
Sources,,,,,,,,,,,,,,,,,,,,,,,,,,,,,,,,,,,,,,,,,,,,,,,,,,,,,,,,,,,,,,,,,,,,,,,,,,,,,,
"Columns 1-13: World Bank (2011). ""World Development Indicators 2011."" Washington, D.C.: World Bank. http://data.worldbank.org. Accessed May 15, 2011.",,,,,,,,,,,,,,,,,,,,,,,,,,,,,,,,,,,,,,,,,,,,,,,,,,,,,,,,,,,,,,,,,,,,,,,,,,,,,,
Columns 14-26: UNDESA (2011).,,,,,,,,,,,,,,,,,,,,,,,,,,,,,,,,,,,,,,,,,,,,,,,,,,,,,,,,,,,,,,,,,,,,,,,,,,,,,,
Columns 27-39: UNICEF (2011).,,,,,,,,,,,,,,,,,,,,,,,,,,,,,,,,,,,,,,,,,,,,,,,,,,,,,,,,,,,,,,,,,,,,,,,,,,,,,,
