,HDI: GDP per capita in PPP terms (constant 2005 international $),,,,,,,,,,,,,,,,,,,,,,HDI: GNI per capita in PPP terms (constant 2005 international $),,,,,,,,,,,,,,,,,,,,,
,1980,,1985,,1990,,1995,,2000,,2005,,2006,,2007,,2008,,2009,,2011,,1980,,1985,,1990,,1995,,2000,,2005,,2006,,2007,,2008,,2009,,2011,
Country,,,,,,,,,,,,,,,,,,,,,,,(Constant 2005 international $),,(Constant 2005 international $),,(Constant 2005 international $),,(Constant 2005 international $),,(Constant 2005 international $),,(Constant 2005 international $),,(Constant 2005 international $),,(Constant 2005 international $),,(Constant 2005 international $),,(Constant 2005 international $),,(Constant 2005 international $),
Afghanistan,..,,..,,..,,..,,..,,835,,904,,878,,875,,"1,200",,..,,"1,002",,"1,271",,948,,589,,435,,913,,980,,"1,099",,"1,086",,"1,287",,"1,416",
Albania,"4,241",,"4,238",,"3,909",,"3,606",,"4,805",,"6,162",,"6,447",,"6,810",,"7,295",,"7,449",,..,,..,,..,,"3,925",,"3,654",,"4,914",,"6,280",,"6,560",,"6,988",,"7,387",,"7,364",,"7,803",
Algeria,"6,358",,"6,847",,"6,215",,"5,631",,"6,087",,"7,176",,"7,210",,"7,316",,"7,379",,"7,421",,..,,"6,167",,"6,660",,"6,009",,"5,328",,"5,802",,"6,820",,"6,927",,"7,223",,"7,317",,"7,368",,"7,658",
Andorra,..,,..,,..,,..,,..,,..,,..,,..,,..,,..,,..,,"28,120",,"23,725",,"26,561",,"23,349",,"28,212",,"33,468",,"34,883",,"34,744",,"35,483",,"36,098",,"36,095",a
Angola,..,,"3,109",,"3,190",,"2,147",,"2,569",,"3,611",,"4,164",,"4,875",,"5,382",,"5,278",,..,,..,,..,,"2,556",,"1,573",,"2,081",,"3,140",,"3,661",,"4,155",,"4,460",,"4,723",,"4,874",
Antigua and Barbuda,"6,034",,"8,329",,"12,713",,"12,762",,"13,928",,"15,792",,"17,660",,"19,032",,"18,846",,"17,052",,..,,"5,949",,"8,230",,"11,242",,"12,084",,"12,998",,"14,720",,"16,524",,"17,949",,"17,773",,"16,051",,"15,521",
Argentina,"10,067",,"8,247",,"7,492",,"9,616",,"10,280",,"10,819",,"11,623",,"12,506",,"13,220",,"13,202",,..,,"9,979",,"7,802",,"7,160",,"9,437",,"10,006",,"10,430",,"11,345",,"12,247",,"12,929",,"12,794",,"14,527",
Armenia,..,,..,,"2,936",,"1,705",,"2,294",,"4,098",,"4,633",,"5,261",,"5,611",,"4,794",,..,,..,,..,,..,,"1,689",,"2,370",,"4,210",,"4,806",,"5,446",,"5,842",,"4,931",,"5,188",
Australia,"20,042",,"21,437",,"23,979",,"25,528",,"29,763",,"32,698",,"33,209",,"33,848",,"34,522",,"34,259",,..,,"19,690",,"20,904",,"23,080",,"24,598",,"28,950",,"31,520",,"31,957",,"32,424",,"33,080",,"33,362",,"34,431",
Austria,"21,154",,"22,723",,"25,665",,"27,562",,"31,697",,"33,377",,"34,373",,"35,576",,"36,193",,"34,673",,..,,"20,919",,"22,492",,"25,473",,"27,135",,"31,163",,"33,050",,"33,996",,"35,145",,"35,694",,"34,310",,"35,719",
Azerbaijan,..,,..,,"4,754",,"1,854",,"2,490",,"4,496",,"5,981",,"7,395",,"8,101",,"8,752",,..,,..,,..,,..,,"1,862",,"2,342",,"3,940",,"5,200",,"6,244",,"7,161",,"8,160",,"8,666",
Bahamas,..,,..,,..,,..,,..,,..,,..,,..,,..,,..,,..,,"19,700",,"21,271",,"22,916",,"20,960",,"25,174",,"24,164",,"25,018",,"25,184",,"24,650",,"23,129",,"23,029",b
Bahrain,"21,807",,"17,040",,"17,907",,"21,219",,"23,294",,"27,962",,"29,195",,"30,962",,"32,233",,..,,..,,"31,987",,"21,224",,"19,308",,"21,302",,"22,715",,"27,102",,"28,469",,"30,457",,"30,887",,"28,520",,"28,169",
Bangladesh,604,,636,,680,,761,,893,,"1,069",,"1,123",,"1,178",,"1,233",,"1,286",,..,,584,,646,,690,,784,,905,,"1,120",,"1,172",,"1,263",,"1,323",,"1,395",,"1,529",
Barbados,..,,..,,..,,..,,..,,"19,189",,..,,..,,..,,..,,..,,"14,206",,"13,915",,"15,264",,"14,398",,"17,329",,"18,295",,"18,848",,"18,877",,"18,874",,"17,791",,"17,966",
Belarus,..,,..,,"6,531",,"4,262",,"5,898",,"8,541",,"9,480",,"10,446",,"11,651",,"11,841",,..,,..,,..,,..,,"4,261",,"5,891",,"8,540",,"9,446",,"10,363",,"11,497",,"11,578",,"13,439",
Belgium,"20,800",,"21,777",,"25,074",,"26,682",,"30,371",,"32,127",,"32,775",,"33,486",,"33,561",,"32,395",,..,,"20,689",,"21,668",,"25,006",,"27,111",,"31,064",,"32,340",,"33,064",,"33,817",,"33,783",,"32,661",,"33,357",
Belize,"3,342",,"2,991",,"4,181",,"4,841",,"5,621",,"6,254",,"6,337",,"6,206",,"6,228",,"6,019",,..,,"3,582",,"3,057",,"4,354",,"4,568",,"5,149",,"5,753",,"5,955",,"5,848",,"5,945",,"5,824",,"5,812",
Benin,"1,150",,"1,240",,"1,112",,"1,147",,"1,279",,"1,309",,"1,319",,"1,336",,"1,361",,"1,369",,..,,"1,137",,"1,209",,"1,087",,"1,120",,"1,253",,"1,300",,"1,292",,"1,311",,"1,355",,"1,361",,"1,364",
Bhutan,..,,"1,126",,"1,707",,"2,234",,"2,749",,"3,471",,"3,613",,"4,247",,"4,388",,"4,643",,..,,..,,961,,"1,815",,"2,285",,"2,690",,"3,420",,"3,620",,"4,238",,"4,314",,"4,827",,"5,293",
Bolivia (Plurinational State of),"3,604",,"2,935",,"2,928",,"3,190",,"3,400",,"3,757",,"3,857",,"3,788",,"3,950",,"4,013",,..,,"3,617",,"2,710",,"2,779",,"3,077",,"3,328",,"4,320",,"4,163",,"3,653",,"3,819",,"3,870",,"4,054",
Bosnia and Herzegovina,..,,..,,..,,"1,636",,"5,009",,"6,232",,"6,618",,"7,077",,"7,471",,"7,266",,..,,..,,..,,..,,..,,"5,540",,"6,490",,"6,846",,"7,296",,"7,697",,"7,412",,"7,664",
Botswana,"3,475",,"4,747",,"7,113",,"7,565",,"9,736",,"11,772",,"12,204",,"12,604",,"12,803",,"12,154",,..,,"3,353",,"4,199",,"6,912",,"7,503",,"9,122",,"10,810",,"11,369",,"11,837",,"12,125",,"11,648",,"13,049",
Brazil,"7,572",,"7,139",,"7,179",,"7,724",,"7,921",,"8,505",,"8,744",,"9,181",,"9,562",,"9,414",,..,,"7,306",,"6,732",,"6,978",,"7,610",,"7,698",,"8,260",,"8,526",,"8,986",,"9,332",,"9,213",,"10,162",
Brunei Darussalam,"79,032",,"56,786",,"49,438",,"50,311",,"47,543",,"47,468",,"48,589",,"47,949",,..,,..,,..,,"86,740",,"62,323",,"49,438",,"50,311",,"47,543",,"47,468",,"48,589",,"47,725",,"45,916",,"44,842",,"45,753",
Bulgaria,"5,829",,"6,811",,"7,527",,"6,843",,"7,213",,"9,807",,"10,501",,"11,236",,"11,991",,"11,456",,..,,..,,"6,795",,"6,947",,"6,613",,"7,017",,"9,840",,"10,234",,"10,368",,"11,409",,"10,959",,"11,412",
Burkina Faso,654,,712,,720,,759,,912,,"1,040",,"1,060",,"1,062",,"1,077",,"1,078",,..,,650,,723,,721,,753,,929,,"1,040",,"1,064",,"1,056",,"1,081",,"1,070",,"1,141",
Burundi,430,,469,,484,,393,,348,,340,,347,,349,,354,,356,,..,,426,,447,,468,,381,,335,,330,,332,,332,,355,,353,,368,
Cambodia,..,,..,,..,,796,,"1,010",,"1,453",,"1,583",,"1,717",,"1,802",,"1,739",,..,,..,,..,,..,,793,,975,,"1,390",,"1,548",,"1,668",,"1,731",,"1,670",,"1,848",
Cameroon,"2,013",,"2,718",,"2,073",,"1,640",,"1,831",,"1,956",,"1,973",,"1,996",,"2,007",,"2,002",,..,,"1,691",,"2,634",,"1,986",,"1,548",,"1,731",,"1,900",,"1,963",,"1,987",,"1,990",,"2,002",,"2,031",
Canada,"23,070",,"25,043",,"26,941",,"27,778",,"32,447",,"35,033",,"35,651",,"36,074",,"35,895",,"34,567",,..,,"22,446",,"24,264",,"25,980",,"26,798",,"31,602",,"34,380",,"35,303",,"35,613",,"35,478",,"34,086",,"35,166",
Cape Verde,..,,"1,503",,"1,603",,"1,838",,"2,272",,"2,676",,"2,903",,"3,109",,"3,264",,"3,309",,..,,..,,..,,"1,605",,"1,815",,"2,224",,"2,590",,"2,788",,"3,053",,"3,164",,"3,206",,"3,402",
Central African Republic,957,,919,,822,,758,,757,,658,,671,,683,,685,,688,,..,,980,,909,,811,,742,,741,,660,,671,,691,,675,,690,,707,
Chad,643,,868,,807,,761,,734,,"1,342",,"1,305",,"1,271",,"1,232",,"1,181",,..,,641,,855,,810,,745,,728,,"1,080",,"1,051",,"1,052",,994,,"1,062",,"1,105",
Chile,"5,366",,"5,178",,"6,583",,"9,140",,"10,470",,"12,172",,"12,599",,"13,045",,"13,390",,"13,057",,..,,"5,174",,"4,541",,"6,233",,"8,793",,"10,078",,"11,090",,"11,018",,"11,569",,"12,392",,"12,251",,"13,329",
China,524,,814,,"1,101",,"1,849",,"2,667",,"4,115",,"4,611",,"5,239",,"5,712",,"6,200",,..,,530,,803,,"1,115",,"1,802",,"2,642",,"4,130",,"4,623",,"5,271",,"5,738",,"6,247",,"7,476",
Colombia,"5,295",,"5,304",,"6,098",,"6,800",,"6,617",,"7,305",,"7,675",,"8,084",,"8,185",,"8,136",,..,,"5,242",,"5,036",,"5,801",,"6,685",,"6,457",,"7,030",,"7,384",,"7,773",,"7,837",,"7,803",,"8,315",
Comoros,"1,183",,"1,280",,"1,215",,"1,129",,"1,093",,"1,127",,"1,117",,"1,096",,"1,081",,"1,074",,..,,..,,"1,284",,"1,213",,"1,125",,"1,092",,"1,120",,"1,115",,"1,093",,"1,077",,"1,075",,"1,079",
Congo,"2,924",,"4,078",,"3,472",,"3,121",,"3,223",,"3,497",,"3,637",,"3,514",,"3,644",,"3,848",,..,,"2,649",,"3,818",,"2,878",,"1,804",,"2,273",,"2,320",,"2,413",,"2,416",,"2,702",,"2,760",,"3,066",
Congo (Democratic Republic of the),774,,734,,621,,351,,254,,266,,272,,281,,290,,290,,..,,739,,680,,542,,284,,214,,250,,256,,258,,247,,260,,280,
Costa Rica,"6,363",,"5,539",,"6,223",,"7,207",,"8,113",,"9,002",,"9,642",,"10,247",,"10,374",,"10,085",,..,,"6,070",,"5,213",,"6,013",,"7,071",,"7,467",,"8,650",,"9,327",,"9,933",,"10,116",,"9,917",,"10,497",
Croatia,..,,..,,"13,384",,"9,923",,"12,368",,"15,329",,"16,093",,"16,922",,"17,336",,"16,338",,..,,..,,..,,..,,"9,912",,"12,108",,"14,920",,"15,632",,"16,498",,"16,743",,"15,703",,"15,729",
Cuba,..,,..,,..,,..,,..,,..,,..,,..,,..,,..,,..,,..,,"4,102",,"3,862",,"2,597",,"3,197",,"4,068",,"4,571",,"4,878",,"5,085",,"5,155",,"5,416",c
Cyprus,"11,184",,"13,855",,"18,095",,"20,104",,"22,737",,"24,403",,"24,929",,"25,657",,"26,268",,"25,759",,..,,..,,"13,893",,"18,401",,"19,648",,"21,255",,"23,390",,"23,749",,"23,760",,"24,564",,"25,300",,"24,841",
Czech Republic,..,,..,,"16,320",,"15,599",,"16,886",,"20,362",,"21,678",,"22,862",,"23,223",,"22,098",,..,,..,,..,,..,,"15,570",,"16,499",,"19,450",,"20,598",,"21,264",,"21,570",,"20,682",,"21,405",
Côte d'Ivoire,"2,645",,"2,155",,"1,897",,"1,717",,"1,737",,"1,560",,"1,537",,"1,528",,"1,526",,"1,545",,..,,"2,507",,"1,922",,"1,599",,"1,550",,"1,599",,"1,490",,"1,458",,"1,445",,"1,448",,"1,476",,"1,387",d
Denmark,"20,790",,"23,813",,"25,447",,"28,083",,"31,666",,"33,214",,"34,207",,"34,633",,"34,130",,"32,252",,..,,"20,682",,"23,218",,"24,790",,"27,786",,"31,000",,"33,680",,"34,850",,"34,992",,"34,531",,"33,163",,"34,347",
Djibouti,..,,..,,"2,746",,"2,108",,"1,761",,"1,848",,"1,902",,"1,964",,"2,041",,"2,106",,..,,..,,..,,..,,"2,182",,"1,811",,"2,020",,"2,095",,"2,161",,"2,216",,"2,240",,"2,335",
Dominica,"3,392",,"4,329",,"5,783",,"6,181",,"7,012",,"7,205",,"7,614",,"7,940",,"8,177",,"8,066",,..,,"3,408",,"4,114",,"5,613",,"5,807",,"6,003",,"6,510",,"7,248",,"7,492",,"7,716",,"7,688",,"7,889",
Dominican Republic,"3,681",,"3,615",,"3,740",,"4,383",,"5,629",,"6,200",,"6,762",,"7,231",,"7,505",,"7,658",,..,,"3,566",,"3,383",,"3,594",,"4,188",,"5,396",,"5,850",,"6,412",,"6,872",,"7,215",,"7,372",,"8,087",
Ecuador,"5,792",,"5,425",,"5,498",,"5,652",,"5,489",,"6,736",,"6,923",,"7,123",,"7,560",,"7,508",,..,,"5,588",,"4,914",,"4,871",,"5,375",,"5,005",,"6,380",,"6,579",,"6,786",,"7,327",,"7,337",,"7,589",
Egypt,"2,432",,"2,955",,"3,185",,"3,406",,"3,992",,"4,319",,"4,529",,"4,762",,"5,011",,"5,151",,..,,"2,288",,"2,692",,"3,132",,"3,431",,"4,051",,"4,310",,"4,551",,"4,819",,"5,061",,"5,162",,"5,269",
El Salvador,"4,380",,"3,549",,"3,686",,"4,628",,"5,183",,"5,687",,"5,902",,"6,149",,"6,270",,"6,020",,..,,"4,282",,"3,426",,"3,590",,"4,572",,"5,069",,"5,490",,"5,718",,"5,962",,"6,114",,"5,817",,"5,925",
Equatorial Guinea,..,,"2,227",,"1,971",,"2,310",,"8,542",,"24,770",,"24,417",,"28,876",,"31,309",,"28,857",,..,,..,,..,,"1,862",,"2,169",,"5,998",,"12,580",,"13,121",,"15,317",,"20,049",,"17,542",,"17,608",
Eritrea,..,,..,,..,,751,,686,,638,,610,,599,,524,,527,,..,,..,,..,,..,,762,,675,,630,,595,,577,,518,,516,,536,
Estonia,"9,048",,"10,039",,"10,087",,"7,774",,"10,937",,"16,548",,"18,434",,"19,773",,"18,773",,"16,132",,..,,..,,..,,"10,075",,"7,769",,"10,553",,"15,870",,"17,465",,"18,431",,"17,556",,"15,659",,"16,799",
Ethiopia,..,,500,,546,,486,,528,,633,,683,,742,,801,,848,,..,,..,,506,,555,,506,,541,,630,,707,,746,,822,,868,,971,
Fiji,"3,443",,"3,056",,"3,457",,"3,699",,"3,935",,"4,295",,"4,348",,"4,282",,"4,263",,"4,110",,..,,"3,390",,"3,026",,"3,341",,"3,621",,"4,008",,"4,360",,"4,175",,"4,181",,"4,223",,"4,118",,"4,145",
Finland,"17,854",,"19,939",,"23,140",,"21,894",,"27,320",,"30,684",,"31,914",,"33,474",,"33,626",,"30,784",,..,,"17,590",,"19,575",,"22,486",,"21,170",,"27,117",,"30,830",,"32,219",,"33,491",,"33,802",,"30,797",,"32,438",
France,"20,253",,"21,327",,"24,315",,"25,221",,"28,403",,"29,809",,"30,227",,"30,651",,"30,546",,"29,578",,..,,"20,364",,"21,286",,"24,381",,"25,273",,"28,791",,"30,000",,"30,525",,"31,009",,"30,852",,"29,818",,"30,462",
Gabon,"17,033",,"16,557",,"14,987",,"14,899",,"13,271",,"13,029",,"12,933",,"13,399",,"13,461",,"13,094",,..,,"15,358",,"15,335",,"13,432",,"12,900",,"11,223",,"11,590",,"10,703",,"11,624",,"11,443",,"11,299",,"12,249",
Gambia,"1,165",,"1,140",,"1,144",,"1,047",,"1,087",,"1,142",,"1,182",,"1,222",,"1,261",,"1,285",,..,,"1,143",,"1,120",,"1,072",,"1,032",,"1,056",,"1,030",,"1,076",,"1,121",,"1,193",,"1,230",,"1,282",
Georgia,..,,..,,"5,683",,"1,730",,"2,453",,"3,610",,"3,916",,"4,409",,"4,516",,"4,335",,..,,..,,..,,..,,"1,636",,"2,537",,"3,650",,"3,987",,"4,423",,"4,447",,"4,266",,"4,780",
Germany,"20,688",,"22,311",,"25,672",,"27,846",,"30,543",,"31,364",,"32,457",,"33,364",,"33,758",,"32,255",,..,,"20,794",,"22,536",,"25,971",,"27,641",,"30,262",,"31,740",,"33,133",,"33,954",,"34,294",,"32,709",,"34,854",
Ghana,983,,816,,897,,960,,"1,047",,"1,193",,"1,242",,"1,295",,"1,375",,"1,410",,..,,972,,808,,874,,924,,"1,009",,"1,180",,"1,220",,"1,276",,"1,356",,"1,386",,"1,584",
Greece,"17,211",,"16,821",,"17,490",,"17,780",,"20,518",,"24,640",,"25,652",,"26,693",,"27,123",,"26,482",,..,,"17,679",,"16,954",,"17,828",,"18,220",,"20,561",,"24,220",,"25,088",,"25,903",,"26,225",,"25,740",,"23,747",
Grenada,"3,204",,"3,521",,"5,074",,"5,096",,"7,251",,"7,985",,"7,806",,"8,133",,"8,177",,"7,593",,..,,..,,..,,"4,799",,"4,857",,"6,685",,"7,580",,"7,410",,"7,562",,"7,632",,"7,013",,"6,982",
Guatemala,"3,884",,"3,244",,"3,336",,"3,663",,"3,962",,"4,064",,"4,178",,"4,333",,"4,367",,"4,286",,..,,"3,868",,"3,178",,"3,250",,"3,631",,"3,918",,"4,010",,"4,134",,"4,291",,"4,300",,"4,139",,"4,167",
Guinea,..,,..,,808,,804,,883,,952,,956,,952,,977,,951,,..,,..,,..,,770,,794,,867,,860,,855,,871,,873,,856,,863,
Guinea-Bissau,932,,"1,146",,"1,238",,"1,269",,"1,124",,973,,972,,954,,966,,973,,..,,903,,"1,297",,"1,170",,"1,193",,"1,087",,950,,953,,955,,947,,962,,994,
Guyana,"2,061",,"1,657",,"1,513",,"2,105",,"2,416",,"2,478",,"2,604",,"2,786",,"2,845",,"2,942",,..,,"1,901",,"1,393",,"1,038",,"1,904",,"2,245",,"2,420",,"2,680",,"2,840",,"2,860",,"2,961",,"3,192",
Haiti,..,,..,,..,,"1,104",,"1,137",,"1,016",,"1,023",,"1,040",,"1,032",,"1,045",,..,,"1,828",,"1,554",,"1,459",,"1,068",,"1,086",,959,,981,,"1,093",,"1,085",,"1,099",,"1,123",
Honduras,"2,814",,"2,630",,"2,652",,"2,767",,"2,882",,"3,270",,"3,416",,"3,560",,"3,628",,"3,488",,..,,"2,661",,"2,499",,"2,429",,"2,578",,"2,805",,"3,120",,"3,254",,"3,454",,"3,523",,"3,365",,"3,443",
"Hong Kong, China (SAR)","13,945",,"17,073",,"23,697",,"28,316",,"29,785",,"35,678",,"37,938",,"39,958",,"40,520",,"39,255",,..,,"13,790",,"16,755",,"23,051",,"28,563",,"29,978",,"35,720",,"38,639",,"41,054",,"42,535",,"40,441",,"44,805",
Hungary,"10,626",,"11,734",,"12,282",,"10,944",,"13,583",,"16,955",,"17,661",,"17,865",,"18,004",,"16,896",,..,,"10,464",,"11,267",,"11,768",,"10,535",,"13,017",,"16,060",,"16,652",,"16,610",,"16,581",,"15,886",,"16,581",
Iceland,"21,863",,"23,185",,"25,635",,"24,694",,"29,892",,"34,921",,"35,681",,"36,860",,"36,527",,"33,980",,..,,"21,440",,"22,269",,"24,774",,"24,002",,"29,065",,"33,660",,"33,383",,"34,831",,"30,890",,"30,321",,"29,354",
India,895,,"1,034",,"1,244",,"1,452",,"1,769",,"2,300",,"2,479",,"2,686",,"2,781",,"2,993",,..,,896,,"1,043",,"1,229",,"1,453",,"1,747",,"2,280",,"2,463",,"2,688",,"2,753",,"2,985",,"3,468",
Indonesia,"1,361",,"1,616",,"2,087",,"2,823",,"2,727",,"3,217",,"3,352",,"3,521",,"3,689",,"3,813",,..,,"1,318",,"1,539",,"2,007",,"2,751",,"2,478",,"2,840",,"2,938",,"3,104",,"3,331",,"3,384",,"3,716",
Iran (Islamic Republic of),"7,087",,"7,131",,"6,254",,"6,820",,"7,667",,"9,314",,"9,721",,"10,346",,"10,446",,"10,496",,..,,"7,113",,"7,119",,"6,248",,"6,791",,"7,678",,"9,140",,"9,569",,"10,230",,"10,364",,"10,406",,"10,164",
Iraq,..,,..,,..,,..,,"4,468",,"2,897",,"3,000",,"2,970",,"3,171",,"3,222",,..,,..,,..,,..,,..,,..,,"2,480",,"2,754",,"2,788",,"3,048",,"3,021",,"3,177",
Ireland,"12,759",,"13,902",,"17,666",,"21,525",,"32,304",,"38,578",,"39,674",,"41,136",,"39,268",,"36,278",,..,,"12,698",,"12,786",,"16,207",,"19,417",,"27,836",,"33,080",,"34,526",,"35,219",,"33,671",,"29,450",,"29,322",
Israel,"15,028",,"15,924",,"17,863",,"20,563",,"23,173",,"23,390",,"24,290",,"25,130",,"25,740",,"25,474",,..,,"14,502",,"15,301",,"17,435",,"18,564",,"21,169",,"23,150",,"24,225",,"25,249",,"25,241",,"24,871",,"25,849",
Italy,"18,837",,"20,420",,"23,775",,"25,269",,"27,714",,"28,144",,"28,554",,"28,766",,"28,170",,"26,578",,..,,"18,876",,"20,297",,"23,397",,"24,885",,"27,510",,"28,060",,"28,505",,"28,591",,"27,736",,"26,120",,"26,484",
Jamaica,"5,107",,"4,809",,"5,933",,"6,939",,"6,533",,"7,027",,"7,183",,"7,252",,"7,182",,"6,931",,..,,"4,675",,"4,172",,"5,374",,"6,628",,"6,275",,"6,600",,"6,802",,"6,762",,"6,917",,"6,549",,"6,487",
Japan,"17,570",,"20,949",,"26,129",,"27,593",,"28,613",,"30,310",,"30,933",,"31,660",,"31,295",,"29,692",,..,,"17,568",,"21,034",,"26,300",,"27,810",,"28,980",,"31,030",,"31,814",,"32,727",,"32,336",,"30,633",,"32,295",
Jordan,"3,931",,"4,180",,"3,293",,"3,507",,"3,591",,"4,334",,"4,569",,"4,840",,"5,086",,"5,082",,..,,"3,980",,"4,116",,"3,121",,"3,371",,"3,640",,"4,450",,"4,707",,"5,021",,"5,246",,"5,210",,"5,300",
Kazakhstan,..,,..,,"7,089",,"4,499",,"5,406",,"8,699",,"9,529",,"10,259",,"10,469",,"10,452",,..,,..,,..,,..,,"4,464",,"5,030",,"7,830",,"8,407",,"8,966",,"8,926",,"9,356",,"10,585",
Kenya,"1,375",,"1,289",,"1,422",,"1,311",,"1,276",,"1,339",,"1,386",,"1,445",,"1,429",,"1,428",,..,,"1,340",,"1,249",,"1,370",,"1,261",,"1,266",,"1,340",,"1,383",,"1,453",,"1,434",,"1,424",,"1,492",
Kiribati,"2,088",,"1,976",,"1,943",,"1,898",,"2,355",,"2,341",,"2,346",,"2,318",,"2,257",,"2,209",,..,,"2,852",,"2,875",,"3,315",,"2,997",,"3,793",,"3,520",,"3,520",,"3,362",,"3,376",,"2,996",,"3,140",
Korea (Democratic People's Rep. of),..,,..,,..,,..,,..,,..,,..,,..,,..,,..,,..,,..,,..,,..,,..,,..,,..,,..,,..,,..,,..,,..,
Korea (Republic of),"5,544",,"7,547",,"11,383",,"15,761",,"18,730",,"22,783",,"23,884",,"25,021",,"25,517",,"25,493",,..,,"5,444",,"7,357",,"11,373",,"15,700",,"18,629",,"22,760",,"23,915",,"25,070",,"25,701",,"25,627",,"28,230",
Kuwait,"40,040",,"25,401",,..,,"37,597",,"33,994",,"43,560",,"44,697",,"45,539",,..,,..,,..,,"51,872",,"33,535",,"37,224",,"50,762",,"39,519",,"45,389",,"47,248",,"47,138",,"47,227",,"46,443",,"47,926",
Kyrgyzstan,..,,..,,"2,505",,"1,224",,"1,502",,"1,728",,"1,765",,"1,900",,"2,043",,"2,073",,..,,..,,..,,..,,"1,178",,"1,406",,"1,670",,"1,719",,"1,879",,"2,001",,"1,996",,"2,036",
Lao People's Democratic Republic,..,,873,,936,,"1,105",,"1,327",,"1,651",,"1,761",,"1,861",,"1,960",,"2,048",,..,,..,,..,,955,,"1,118",,"1,290",,"1,570",,"1,655",,"1,813",,"1,897",,"2,011",,"2,242",
Latvia,"8,165",,"9,373",,"10,078",,"6,107",,"8,531",,"13,038",,"14,713",,"16,265",,"15,593",,"12,847",,..,,..,,..,,"10,081",,"6,147",,"8,518",,"12,870",,"14,273",,"15,719",,"15,352",,"13,761",,"14,293",
Lebanon,..,,..,,"5,689",,"8,619",,"8,563",,"9,517",,"9,478",,"10,111",,"10,966",,"11,868",,..,,..,,..,,"6,934",,"8,993",,"8,730",,"9,440",,"9,567",,"10,416",,"11,131",,"12,178",,"13,076",
Lesotho,823,,839,,891,,"1,010",,"1,118",,"1,201",,"1,268",,"1,287",,"1,333",,"1,333",,..,,"1,339",,"1,517",,"1,498",,"1,433",,"1,455",,"1,480",,"1,610",,"1,644",,"1,689",,"1,633",,"1,664",
Liberia,"1,765",,"1,384",,484,,151,,481,,323,,334,,350,,358,,360,,..,,"1,706",,"1,208",,..,,..,,343,,250,,235,,274,,286,,257,,265,
Libyan Arab Jamahiriya,..,,..,,..,,..,,"12,351",,"13,653",,"14,166",,"14,715",,"14,970",,"14,985",,..,,..,,..,,..,,..,,..,,"13,570",,"14,446",,"15,182",,"15,039",,"14,897",,"12,637",e
Liechtenstein,..,,..,,..,,..,,..,,..,,..,,..,,..,,..,,..,,"37,641",,"40,459",,"48,556",,"56,642",,"74,894",,"64,334",,"71,253",,"78,901",,"73,475",,"80,709",,"83,717",f
Lithuania,..,,..,,"12,497",,"7,379",,"9,516",,"14,194",,"15,399",,"17,007",,"17,568",,"15,011",,..,,..,,..,,..,,"7,372",,"9,363",,"13,850",,"14,974",,"16,302",,"16,987",,"15,014",,"16,234",
Luxembourg,"27,551",,"30,954",,"42,684",,"48,418",,"61,059",,"68,319",,"70,984",,"74,422",,"73,127",,"68,853",,..,,"23,104",,"30,169",,"40,465",,"44,834",,"53,204",,"58,670",,"54,108",,"58,974",,"55,226",,"48,955",,"50,557",
Madagascar,"1,289",,"1,044",,"1,037",,877,,909,,882,,901,,932,,972,,912,,..,,"1,274",,"1,006",,994,,819,,869,,870,,889,,908,,944,,880,,824,
Malawi,691,,656,,565,,610,,633,,606,,634,,652,,689,,721,,..,,637,,612,,541,,600,,624,,600,,621,,632,,671,,704,,753,
Malaysia,"4,891",,"5,508",,"6,646",,"9,185",,"10,271",,"11,755",,"12,222",,"12,788",,"13,163",,"12,724",,..,,"4,722",,"5,125",,"6,375",,"8,765",,"9,461",,"11,220",,"11,875",,"12,517",,"12,752",,"12,468",,"13,685",
Maldives,..,,..,,..,,"2,566",,"3,469",,"4,035",,"4,695",,"4,964",,"5,200",,"4,972",,..,,..,,..,,..,,..,,"3,305",,"3,910",,"4,492",,"4,753",,"4,980",,"4,764",,"5,276",
Mali,757,,611,,666,,697,,815,,985,,"1,013",,"1,032",,"1,057",,"1,077",,..,,737,,593,,657,,688,,817,,950,,960,,"1,040",,"1,062",,"1,076",,"1,123",
Malta,"9,094",,"10,465",,"13,483",,"16,767",,"20,526",,"20,958",,"21,565",,"22,217",,"22,629",,"21,987",,..,,"9,801",,"11,306",,"14,490",,"16,938",,"20,004",,"20,010",,"20,616",,"21,382",,"21,738",,"20,529",,"21,460",
Marshall Islands,..,,..,,..,,..,,..,,..,,..,,..,,..,,..,,..,,..,,..,,..,,..,,..,,..,,..,,..,,..,,..,,..,
Mauritania,"1,721",,"1,568",,"1,555",,"1,592",,"1,574",,"1,672",,"1,946",,"1,790",,"1,812",,"1,751",,..,,"1,631",,"1,461",,"1,633",,"1,545",,"1,580",,"1,730",,"1,695",,"1,798",,"1,832",,"1,771",,"1,859",
Mauritius,"3,729",,"4,452",,"6,115",,"7,309",,"9,154",,"10,158",,"10,476",,"10,987",,"11,472",,"11,658",,..,,"3,668",,"4,269",,"6,066",,"7,270",,"9,092",,"10,140",,"10,574",,"11,327",,"11,696",,"12,056",,"12,918",
Mexico,"10,422",,"10,272",,"10,121",,"9,968",,"12,095",,"12,593",,"13,070",,"13,371",,"13,434",,"12,429",,..,,"10,098",,"9,790",,"9,798",,"9,518",,"11,783",,"12,380",,"12,820",,"13,140",,"13,229",,"12,236",,"13,245",
Micronesia (Federated States of),..,,..,,"2,621",,"2,978",,"2,959",,"2,972",,"2,956",,"2,947",,"2,855",,"2,804",,..,,..,,..,,..,,"3,269",,"3,205",,"3,170",,"3,149",,"3,141",,"3,026",,"2,945",,"2,935",g
Moldova (Republic of),..,,..,,"4,588",,"1,852",,"1,657",,"2,362",,"2,482",,"2,564",,"2,768",,"2,592",,..,,..,,..,,..,,"1,818",,"1,662",,"2,650",,"2,778",,"2,809",,"3,033",,"2,731",,"3,058",
Monaco,..,,..,,..,,..,,..,,..,,..,,..,,..,,..,,..,,..,,..,,..,,..,,..,,..,,..,,..,,..,,..,,..,
Mongolia,..,,"2,130",,"2,217",,"1,875",,"2,037",,"2,613",,"2,802",,"3,053",,"3,286",,"3,198",,..,,..,,"2,073",,"1,953",,"1,835",,"1,997",,"2,550",,"2,744",,"2,960",,"3,189",,"2,999",,"3,391",
Montenegro,..,,..,,..,,..,,"6,802",,"8,265",,"9,022",,"9,995",,"10,660",,"10,022",,..,,..,,..,,..,,..,,..,,"8,340",,"9,140",,"10,025",,"10,794",,"10,028",,"10,361",h
Morocco,"2,335",,"2,408",,"2,684",,"2,585",,"2,911",,"3,497",,"3,722",,"3,776",,"3,938",,"4,081",,..,,"2,282",,"2,269",,"2,581",,"2,490",,"2,833",,"3,450",,"3,672",,"3,727",,"3,872",,"4,001",,"4,196",
Mozambique,440,,312,,400,,403,,505,,667,,708,,741,,773,,804,,..,,..,,308,,375,,363,,482,,630,,647,,694,,727,,812,,898,
Myanmar,..,,..,,..,,..,,..,,..,,..,,..,,..,,..,,..,,364,,409,,340,,420,,576,,"1,018",,"1,142",,"1,268",,"1,385",,"1,438",,"1,535",
Namibia,"4,926",,"4,293",,"3,981",,"4,420",,"4,666",,"5,389",,"5,660",,"5,849",,"5,982",,"5,821",,..,,..,,"3,413",,"4,036",,"4,607",,"4,715",,"5,310",,"5,622",,"5,727",,"5,836",,"5,766",,"6,206",
Nauru,..,,..,,..,,..,,..,,..,,..,,..,,..,,..,,..,,..,,..,,..,,..,,..,,..,,..,,..,,..,,..,,..,
Nepal,568,,640,,711,,809,,905,,956,,972,,986,,"1,020",,"1,049",,..,,587,,647,,740,,804,,915,,960,,996,,"1,017",,"1,044",,"1,082",,"1,160",
Netherlands,"22,271",,"22,993",,"26,275",,"28,462",,"33,691",,"35,105",,"36,238",,"37,466",,"38,065",,"36,358",,..,,"22,464",,"22,903",,"26,085",,"28,879",,"34,415",,"35,270",,"37,213",,"38,001",,"37,065",,"35,521",,"36,402",
New Zealand,"17,153",,"19,100",,"18,878",,"20,650",,"22,397",,"25,305",,"25,213",,"25,686",,"25,088",,"24,706",,..,,"16,731",,"17,960",,"18,184",,"19,330",,"20,953",,"23,510",,"23,382",,"23,662",,"23,214",,"23,677",,"23,737",
Nicaragua,"2,741",,"2,479",,"1,878",,"1,822",,"2,126",,"2,322",,"2,383",,"2,427",,"2,576",,"2,398",,..,,"2,596",,"2,290",,"1,832",,"1,608",,"2,010",,"2,250",,"2,307",,"2,367",,"2,492",,"2,305",,"2,430",
Niger,933,,706,,691,,609,,591,,605,,616,,612,,645,,626,,..,,894,,675,,661,,585,,561,,600,,597,,588,,632,,600,,641,
Nigeria,"1,668",,"1,251",,"1,420",,"1,415",,"1,456",,"1,737",,"1,801",,"1,872",,"1,939",,"2,001",,..,,"1,597",,"1,223",,"1,271",,"1,286",,"1,289",,"1,530",,"1,739",,"1,742",,"1,829",,"1,886",,"2,069",
Norway,"25,973",,"30,144",,"32,117",,"37,518",,"43,642",,"47,305",,"47,996",,"48,800",,"49,070",,"47,676",,..,,"25,179",,"29,625",,"31,201",,"37,066",,"43,057",,"47,630",,"48,027",,"48,645",,"48,345",,"47,002",,"47,557",
Occupied Palestinian Territory,..,,..,,..,,..,,..,,..,,..,,..,,..,,..,,..,,"2,636",,"2,255",,"2,593",,"2,909",,"3,147",,"2,710",,"2,521",,"2,618",,"2,512",,"2,577",,"2,656","i,j"
Oman,"9,768",,"15,394",,"14,861",,"16,773",,"17,903",,"19,533",,"20,205",,"21,133",,"23,333",,..,,..,,"10,312",,"15,722",,"15,064",,"16,904",,"17,499",,"18,296",,"19,228",,"20,083",,"22,179",,"22,460",,"22,841",
Pakistan,"1,191",,"1,442",,"1,678",,"1,856",,"1,931",,"2,184",,"2,270",,"2,348",,"2,335",,"2,369",,..,,"1,288",,"1,581",,"1,758",,"1,888",,"1,920",,"2,230",,"2,320",,"2,402",,"2,391",,"2,449",,"2,550",
Palau,..,,..,,..,,..,,..,,..,,..,,..,,..,,..,,..,,..,,..,,..,,"13,158",,"13,146",,"13,270",,"13,374",,"13,569",,"10,483",,"9,487",,"9,744","j,k"
Panama,"6,567",,"6,969",,"6,081",,"7,172",,"8,147",,"9,186",,"9,799",,"10,803",,"11,767",,"11,857",,..,,"5,837",,"6,730",,"5,769",,"6,851",,"7,721",,"8,520",,"9,075",,"10,094",,"10,962",,"11,071",,"12,335",
Papua New Guinea,"1,937",,"1,824",,"1,700",,"2,252",,"1,947",,"1,859",,"1,861",,"1,948",,"2,029",,"2,072",,..,,"1,888",,"1,759",,"1,636",,"2,119",,"1,837",,"1,720",,"1,644",,"1,933",,"2,003",,"2,064",,"2,271",
Paraguay,"4,041",,"3,791",,"3,999",,"4,263",,"3,789",,"3,897",,"3,990",,"4,182",,"4,347",,"4,107",,..,,"4,109",,"3,757",,"4,102",,"4,341",,"3,820",,"3,870",,"3,966",,"4,132",,"4,303",,"4,040",,"4,727",
Peru,"6,069",,"5,473",,"4,458",,"5,295",,"5,513",,"6,323",,"6,731",,"7,242",,"7,858",,"7,836",,..,,"5,825",,"5,158",,"4,339",,"5,047",,"5,377",,"5,910",,"6,179",,"6,685",,"7,362",,"7,397",,"8,389",
Philippines,"2,618",,"2,147",,"2,385",,"2,368",,"2,587",,"2,927",,"3,027",,"3,181",,"3,240",,"3,216",,..,,"2,595",,"2,050",,"2,344",,"2,433",,"2,574",,"2,920",,"2,979",,"3,158",,"3,242",,"3,208",,"3,478",
Poland,..,,..,,"8,171",,"8,999",,"11,753",,"13,784",,"14,652",,"15,655",,"16,436",,"16,705",,..,,..,,..,,..,,"8,876",,"11,694",,"13,480",,"14,243",,"15,061",,"16,010",,"16,172",,"17,451",
Portugal,"11,993",,"12,228",,"16,299",,"17,504",,"21,102",,"21,294",,"21,529",,"21,993",,"21,956",,"21,370",,..,,"11,692",,"11,529",,"16,198",,"17,549",,"20,662",,"20,980",,"20,884",,"21,306",,"21,221",,"20,660",,"20,573",
Qatar,..,,..,,..,,..,,"62,111",,"64,452",,"67,642",,"75,415",,"84,043",,"82,978",,..,,"74,034",,"49,903",,"42,954",,"43,498",,"60,912",,"61,479",,"59,009",,"75,771",,"84,378",,"83,311",,"107,721",
Romania,"7,637",,"8,777",,"7,849",,"7,212",,"6,837",,"9,359",,"10,121",,"10,748",,"11,780",,"10,794",,..,,..,,..,,"7,803",,"7,150",,"6,759",,"9,270",,"9,870",,"10,733",,"11,722",,"10,985",,"11,046",
Russian Federation,..,,..,,"12,626",,"7,851",,"8,613",,"11,853",,"12,878",,"14,016",,"14,766",,"13,611",,..,,..,,..,,..,,"7,788",,"8,380",,"11,560",,"12,482",,"13,678",,"14,331",,"13,172",,"14,561",
Rwanda,812,,786,,722,,605,,673,,860,,917,,942,,"1,019",,"1,032",,..,,827,,785,,738,,618,,676,,850,,910,,953,,"1,033",,"1,041",,"1,133",
Saint Kitts and Nevis,"4,776",,"5,741",,"8,511",,"10,515",,"12,112",,"13,158",,"13,769",,"13,934",,"14,461",,"13,191",,..,,"4,659",,"5,630",,"8,263",,"10,009",,"10,988",,"12,100",,"12,843",,"13,067",,"14,186",,"12,381",,"11,897",
Saint Lucia,"4,178",,"4,329",,"7,130",,"7,763",,"8,339",,"8,683",,"9,081",,"9,194",,"9,170",,"8,722",,..,,..,,"4,270",,"6,635",,"7,206",,"7,805",,"7,950",,"8,557",,"8,546",,"8,430",,"8,044",,"8,273",
Saint Vincent and the Grenadines,"2,660",,"3,339",,"4,464",,"4,711",,"6,056",,"7,155",,"7,826",,"8,469",,"8,556",,"8,312",,..,,"2,639",,"3,281",,"4,222",,"4,502",,"5,656",,"6,730",,"7,447",,"8,148",,"8,214",,"8,014",,"8,013",
Samoa,..,,"2,601",,"2,620",,"2,648",,"3,059",,"3,858",,"3,940",,"4,031",,"4,234",,"4,000",,..,,..,,"2,846",,"3,853",,"2,551",,"3,053",,"3,630",,"3,861",,"3,916",,"4,101",,"3,866",,"3,931",l
San Marino,..,,..,,..,,..,,..,,..,,..,,..,,..,,..,,..,,..,,..,,..,,..,,..,,..,,..,,..,,..,,..,,..,
Sao Tome and Principe,..,,..,,..,,..,,..,,"1,416",,"1,487",,"1,551",,"1,615",,"1,653",,..,,..,,..,,..,,..,,..,,"1,380",,"1,527",,"1,624",,"1,657",,"1,687",,"1,792",
Saudi Arabia,"34,599",,"20,456",,"19,162",,"19,639",,"19,732",,"21,220",,"21,372",,"21,302",,"21,692",,"21,321",,..,,"34,703",,"22,539",,"20,479",,"20,012",,"19,790",,"21,610",,"21,884",,"21,653",,"22,103",,"21,810",,"23,274",
Senegal,"1,471",,"1,463",,"1,420",,"1,369",,"1,464",,"1,614",,"1,612",,"1,646",,"1,656",,"1,650",,..,,"1,438",,"1,413",,"1,376",,"1,341",,"1,441",,"1,590",,"1,611",,"1,633",,"1,656",,"1,645",,"1,708",
Serbia,..,,..,,"11,712",,"5,701",,"6,561",,"8,515",,"8,996",,"9,656",,"10,232",,"9,967",,..,,..,,..,,..,,..,,"6,561",,"8,410",,"8,865",,"9,461",,"9,963",,"9,805",,"10,236",
Seychelles,"10,909",,"10,799",,"13,589",,"14,533",,"18,243",,"17,352",,"18,415",,"20,098",,"19,478",,"17,786",,..,,"10,532",,"10,411",,"13,111",,"13,971",,"17,313",,"16,560",,"17,582",,"18,687",,"17,322",,"15,255",,"16,729",
Sierra Leone,787,,735,,687,,533,,416,,653,,679,,702,,723,,734,,..,,752,,689,,607,,503,,395,,620,,627,,663,,690,,704,,737,
Singapore,"14,453",,"17,369",,"23,429",,"30,943",,"36,793",,"45,374",,"47,776",,"49,739",,"48,002",,"45,978",,..,,"14,077",,"18,230",,"24,445",,"32,155",,"37,107",,"42,220",,"45,477",,"47,824",,"47,652",,"45,202",,"52,569",
Slovakia,..,,"11,811",,"12,442",,"10,571",,"12,718",,"16,164",,"17,524",,"19,356",,"20,515",,"19,202",,..,,..,,..,,"12,425",,"10,569",,"12,496",,"15,500",,"16,865",,"18,541",,"19,894",,"18,558",,"19,998",
Slovenia,..,,..,,"16,405",,"15,926",,"19,722",,"23,498",,"24,784",,"26,321",,"27,197",,"24,806",,..,,..,,..,,..,,"16,066",,"19,726",,"23,300",,"24,490",,"25,780",,"26,570",,"24,195",,"24,914",
Solomon Islands,..,,..,,"2,309",,"2,938",,"2,225",,"2,055",,"2,143",,"2,314",,"2,422",,"2,312",,..,,..,,..,,..,,"1,797",,"2,216",,"2,060",,"2,158",,"2,158",,"2,067",,"1,677",,"1,782",
Somalia,..,,..,,..,,..,,..,,..,,..,,..,,..,,..,,..,,..,,..,,..,,..,,..,,..,,..,,..,,..,,..,,..,
South Africa,"8,763",,"8,255",,"7,975",,"7,490",,"7,641",,"8,597",,"8,977",,"9,366",,"9,604",,"9,333",,..,,"8,388",,"7,877",,"7,668",,"7,338",,"7,443",,"8,420",,"8,795",,"9,035",,"9,282",,"9,114",,"9,469",
Spain,"15,379",,"16,043",,"19,770",,"21,007",,"25,129",,"27,377",,"28,013",,"28,519",,"28,336",,"27,066",,..,,"15,205",,"15,864",,"19,595",,"20,881",,"24,911",,"26,990",,"27,547",,"27,873",,"27,536",,"26,510",,"26,508",
Sri Lanka,"1,533",,"1,821",,"2,018",,"2,484",,"3,068",,"3,546",,"3,776",,"4,008",,"4,215",,"4,333",,..,,"1,564",,"1,811",,"2,006",,"2,461",,"3,028",,"3,500",,"3,740",,"3,980",,"4,136",,"4,297",,"4,943",
Sudan*,"1,008",,889,,975,,"1,099",,"1,325",,"1,601",,"1,744",,"1,879",,"1,963",,"2,007",,..,,"1,014",,866,,899,,"1,031",,"1,223",,"1,480",,"1,608",,"1,698",,"1,772",,"1,812",,"1,894",
Suriname,"6,610",,"5,796",,"5,343",,"4,952",,"4,977",,"6,067",,"6,301",,"6,562",,"6,835",,..,,..,,"5,331",,"5,826",,"5,253",,"4,950",,"4,843",,"5,951",,"6,135",,"6,593",,"6,924",,"7,034",,"7,538",
Swaziland,"2,278",,"2,519",,"3,494",,"3,570",,"4,032",,"4,335",,"4,411",,"4,508",,"4,551",,"4,539",,..,,..,,..,,"3,688",,"3,748",,"4,118",,"4,640",,"4,430",,"4,562",,"4,537",,"4,339",,"4,484",
Sweden,"20,327",,"22,171",,"24,564",,"24,629",,"29,156",,"32,723",,"33,917",,"34,782",,"34,371",,"32,314",,..,,"20,500",,"21,923",,"24,257",,"24,056",,"28,913",,"32,960",,"34,357",,"35,578",,"35,528",,"32,897",,"35,837",
Switzerland,"28,536",,"30,035",,"33,417",,"32,015",,"34,713",,"35,784",,"36,851",,"37,854",,"38,086",,"36,954",,..,,"29,150",,"31,198",,"34,261",,"32,925",,"37,268",,"39,160",,"39,651",,"38,229",,"35,410",,"38,489",,"39,924",
Syrian Arab Republic,"3,364",,"3,222",,"2,945",,"3,759",,"3,725",,"3,954",,"4,055",,"4,123",,"4,232",,"4,295",,..,,"3,490",,"3,323",,"2,856",,"3,808",,"3,545",,"3,830",,"3,952",,"4,052",,"4,145",,"4,188",,"4,243",
Tajikistan,..,,"3,286",,"3,064",,"1,069",,"1,002",,"1,480",,"1,562",,"1,659",,"1,761",,"1,791",,..,,..,,..,,..,,"1,011",,951,,"1,430",,"1,529",,"1,622",,"1,748",,"1,790",,"1,937",
Tanzania (United Republic of),..,,..,,860,,798,,866,,"1,065",,"1,105",,"1,151",,"1,201",,"1,237",,..,,..,,..,,834,,785,,839,,"1,060",,"1,084",,"1,129",,"1,192",,"1,219",,"1,328",
Thailand,"2,231",,"2,616",,"3,961",,"5,645",,"5,568",,"6,751",,"7,038",,"7,333",,"7,469",,"7,260",,..,,"2,211",,"2,587",,"3,924",,"5,553",,"5,492",,"6,420",,"6,759",,"7,074",,"7,188",,"6,945",,"7,694",
The former Yugoslav Republic of Macedonia,..,,..,,"8,341",,"6,392",,"7,221",,"7,656",,"7,949",,"8,410",,"8,807",,"8,741",,..,,..,,..,,..,,"6,312",,"7,106",,"7,580",,"7,922",,"8,249",,"8,705",,"8,517",,"8,804",
Timor-Leste,..,,..,,..,,..,,874,,713,,648,,675,,740,,731,,..,,..,,..,,672,,967,,893,,"1,494",,"1,931",,"2,999",,"4,170",,"2,769",,"3,005",
Togo,"1,083",,886,,853,,759,,792,,772,,782,,777,,772,,772,,..,,"1,054",,833,,849,,741,,786,,760,,779,,778,,773,,782,,798,
Tonga,..,,"3,039",,"3,021",,"3,544",,"3,846",,"4,098",,"4,096",,"4,025",,"4,087",,"4,055",,..,,..,,"3,186",,"3,091",,"3,608",,"3,889",,"4,130",,"4,166",,"4,108",,"4,155",,"4,148",,"4,186",
Trinidad and Tobago,"15,254",,"12,525",,"10,791",,"11,143",,"13,870",,"20,014",,"22,632",,"23,583",,"24,032",,"23,221",,..,,"14,480",,"11,928",,"9,938",,"10,160",,"12,793",,"19,060",,"21,477",,"23,404",,"21,543",,"22,662",,"23,439",d
Tunisia,"3,617",,"3,905",,"4,019",,"4,422",,"5,444",,"6,445",,"6,743",,"7,102",,"7,358",,"7,512",,..,,"3,491",,"3,747",,"3,887",,"4,205",,"5,194",,"6,080",,"6,439",,"6,703",,"6,936",,"7,078",,"7,281",
Turkey,"5,694",,"6,498",,"7,806",,"8,378",,"9,409",,"10,977",,"11,584",,"11,973",,"11,904",,"11,209",,..,,"5,595",,"6,332",,"7,683",,"8,210",,"9,260",,"10,840",,"11,445",,"11,839",,"11,771",,"11,068",,"12,246",
Turkmenistan,..,,..,,"3,749",,"2,047",,"2,322",,"4,668",,"5,129",,"5,657",,"6,169",,"6,576",,..,,..,,..,,..,,"2,063",,"2,195",,"4,340",,"4,830",,"5,314",,"5,756",,"6,336",,"7,306",
Tuvalu,..,,..,,..,,..,,..,,..,,..,,..,,..,,..,,..,,..,,..,,..,,..,,..,,..,,..,,..,,..,,..,,..,
Uganda,..,,495,,529,,628,,765,,901,,966,,"1,014",,"1,067",,"1,105",,..,,..,,484,,517,,614,,770,,880,,945,,"1,009",,"1,067",,"1,082",,"1,124",
Ukraine,..,,..,,"8,063",,"3,899",,"3,696",,"5,583",,"6,032",,"6,547",,"6,721",,"5,737",,..,,..,,..,,"8,274",,"3,836",,"3,595",,"5,520",,"5,942",,"6,457",,"6,662",,"5,614",,"6,175",
United Arab Emirates,"95,434",,"59,933",,"50,886",,"46,168",,"44,641",,"48,992",,"51,449",,"52,944",,"54,143",,"52,435",,..,,"77,805",,"52,287",,"43,734",,"42,771",,"43,052",,"51,895",,"56,993",,"59,486",,"60,644",,"59,686",,"59,993",
United Kingdom,"18,425",,"20,373",,"23,697",,"25,364",,"29,588",,"32,731",,"33,454",,"34,099",,"34,048",,"32,147",,..,,"18,192",,"20,040",,"23,283",,"25,164",,"29,529",,"33,280",,"33,659",,"34,563",,"34,712",,"32,791",,"33,296",
United States,"25,531",,"28,586",,"31,926",,"33,903",,"39,578",,"42,534",,"43,257",,"43,662",,"43,261",,"41,761",,..,,"25,426",,"28,473",,"31,651",,"33,795",,"40,259",,"43,130",,"44,206",,"43,771",,"43,161",,"41,439",,"43,017",
Uruguay,"7,811",,"6,240",,"7,310",,"8,556",,"9,609",,"9,683",,"10,075",,"10,796",,"11,682",,"11,977",,..,,"7,520",,"5,765",,"7,041",,"8,421",,"9,589",,"9,400",,"9,857",,"10,549",,"11,406",,"11,709",,"13,242",
Uzbekistan,..,,..,,"2,002",,"1,462",,"1,632",,"2,001",,"2,121",,"2,290",,"2,455",,"2,611",,..,,..,,..,,..,,"1,437",,"1,605",,"2,000",,"2,087",,"2,236",,"2,423",,"2,618",,"2,967",
Vanuatu,"2,818",,"3,634",,"3,471",,"3,537",,"3,820",,"3,529",,"3,684",,"3,833",,"3,973",,"4,030",,..,,..,,"3,596",,"3,567",,"3,283",,"3,643",,"3,300",,"3,515",,"3,642",,"3,938",,"3,894",,"3,950",
Venezuela (Bolivarian Republic of),"11,552",,"9,529",,"9,574",,"10,162",,"9,564",,"9,924",,"10,721",,"11,404",,"11,756",,"11,190",,..,,"11,620",,"9,168",,"9,406",,"9,910",,"9,449",,"9,770",,"10,673",,"11,539",,"11,794",,"11,106",,"10,656",
Viet Nam,..,,803,,902,,"1,214",,"1,597",,"2,143",,"2,291",,"2,455",,"2,578",,"2,682",,..,,..,,..,,855,,"1,190",,"1,583",,"2,100",,"2,233",,"2,389",,"2,508",,"2,532",,"2,805",
Yemen,..,,..,,"1,777",,"1,848",,"2,062",,"2,194",,"2,200",,"2,208",,"2,224",,"2,243",,..,,..,,..,,..,,"1,609",,"1,905",,"1,980",,"2,042",,"2,048",,"2,038",,"2,103",,"2,213",
Zambia,"1,530",,"1,333",,"1,238",,"1,002",,"1,001",,"1,127",,"1,169",,"1,212",,"1,251",,"1,299",,..,,"1,415",,"1,159",,"1,120",,922,,947,,"1,060",,"1,031",,"1,056",,"1,126",,"1,146",,"1,254",
Zimbabwe,..,,..,,..,,..,,..,,..,,..,,..,,..,,..,,..,,606,,615,,642,,601,,608,,412,,390,,375,,308,,322,,376,b
,,,,,,,,,,,,,,,,,,,,,,,,,,,,,,,,,,,,,,,,,,,,
Very high human development,..,,..,,..,,..,,..,,..,,..,,..,,..,,..,,..,,"19,609",,"21,525",,"24,639",,"25,514",,"29,442",,"31,907",,"32,849",,"33,310",,"33,205",,"31,946",,"33,352",
High human development,..,,..,,..,,..,,..,,..,,..,,..,,..,,..,,..,,"8,207",,"7,531",,"7,767",,"7,586",,"8,177",,"9,734",,"10,265",,"10,861",,"11,202",,"10,754",,"11,579",
Medium human development,..,,..,,..,,..,,..,,..,,..,,..,,..,,..,,..,,"1,087",,"1,289",,"1,555",,"2,021",,"2,493",,"3,384",,"3,679",,"4,053",,"4,298",,"4,569",,"5,276",
Low human development,..,,..,,..,,..,,..,,..,,..,,..,,..,,..,,..,,"1,058",,988,,"1,020",,"1,018",,"1,080",,"1,270",,"1,348",,"1,406",,"1,447",,"1,492",,"1,585",
Arab States (RB),..,,..,,..,,..,,..,,..,,..,,..,,..,,..,,..,,"6,455",,"5,704",,"5,758",,"5,650",,"5,991",,"6,680",,"7,086",,"7,490",,"7,902",,"8,052",,"8,554",
Europe and Central Asia (RB),..,,..,,..,,..,,..,,..,,..,,..,,..,,..,,..,,"6,565",,"7,236",,"8,317",,"6,766",,"7,538",,"9,825",,"10,508",,"11,248",,"11,696",,"11,049",,"12,004",
East Asia and the Pacific (RB),..,,..,,..,,..,,..,,..,,..,,..,,..,,..,,..,,807,,"1,052",,"1,402",,"2,087",,"2,692",,"3,892",,"4,282",,"4,793",,"5,165",,"5,508",,"6,466",
Latin America and the Caribbean (RB),..,,..,,..,,..,,..,,..,,..,,..,,..,,..,,..,,"7,465",,"6,682",,"6,811",,"7,380",,"7,968",,"8,524",,"8,894",,"9,330",,"9,624",,"9,333",,"10,119",
South Asia (RB),..,,..,,..,,..,,..,,..,,..,,..,,..,,..,,..,,"1,164",,"1,331",,"1,462",,"1,666",,"1,937",,"2,443",,"2,611",,"2,823",,"2,881",,"3,067",,"3,435",
Sub-Saharan Africa (RB),..,,..,,..,,..,,..,,..,,..,,..,,..,,..,,..,,"2,089",,"1,642",,"1,573",,"1,458",,"1,489",,"1,668",,"1,760",,"1,808",,"1,867",,"1,873",,"1,966",
Least developed countries,..,,..,,..,,..,,..,,..,,..,,..,,..,,..,,..,,762,,703,,744,,736,,827,,"1,018",,"1,079",,"1,148",,"1,203",,"1,243",,"1,327",
SIDS,..,,..,,..,,..,,..,,..,,..,,..,,..,,..,,..,,"3,560",,"3,490",,"3,428",,"3,276",,"3,760",,"4,206",,"4,529",,"4,837",,"4,938",,"4,943",,"5,200",
World,..,,..,,..,,..,,..,,..,,..,,..,,..,,..,,..,,"5,931",,"6,086",,"6,582",,"6,933",,"7,781",,"8,733",,"9,103",,"9,439",,"9,574",,"9,420",,"10,082",
,,,,,,,,,,,,,,,,,,,,,,,,,,,,,,,,,,,,,,,,,,,,
Footnotes,,,,,,,,,,,,,,,,,,,,,,,,,,,,,,,,,,,,,,,,,,,,
a. Estimated using the PPP and the projected growth rate of Spain.,,,,,,,,,,,,,,,,,,,,,,,,,,,,,,,,,,,,,,,,,,,,
b. Based on PPP data from IMF (2011).,,,,,,,,,,,,,,,,,,,,,,,,,,,,,,,,,,,,,,,,,,,,
c. PPP estimate based on cross-country regression; projected growth rate based on ECLAC (2011) and UNDESA (2011) projected growth rates.,,,,,,,,,,,,,,,,,,,,,,,,,,,,,,,,,,,,,,,,,,,,
d. Based on World Bank (2011b).,,,,,,,,,,,,,,,,,,,,,,,,,,,,,,,,,,,,,,,,,,,,
e. Based on OECD and others (2011) and UNDESA (2011) projected growth rates.,,,,,,,,,,,,,,,,,,,,,,,,,,,,,,,,,,,,,,,,,,,,
f. Estimated using the PPP and the projected growth rate of Switzerland.,,,,,,,,,,,,,,,,,,,,,,,,,,,,,,,,,,,,,,,,,,,,
g. Based on ADB (2011) and UNDESA (2011) projected growth rates.,,,,,,,,,,,,,,,,,,,,,,,,,,,,,,,,,,,,,,,,,,,,
h. Based on EBRD (2011) and UNDESA (2011) projected growth rates.,,,,,,,,,,,,,,,,,,,,,,,,,,,,,,,,,,,,,,,,,,,,
i. Based on UNESCWA (2011) and UNDESA (2011) projected growth rates.,,,,,,,,,,,,,,,,,,,,,,,,,,,,,,,,,,,,,,,,,,,,
j. Based on unpublished estimates from World Bank.,,,,,,,,,,,,,,,,,,,,,,,,,,,,,,,,,,,,,,,,,,,,
k. Based on UNESCAP (2011) and UNDESA (2011) projected growth rates.,,,,,,,,,,,,,,,,,,,,,,,,,,,,,,,,,,,,,,,,,,,,
l. Based on ADB (2011) projected growth rate.,,,,,,,,,,,,,,,,,,,,,,,,,,,,,,,,,,,,,,,,,,,,
,,,,,,,,,,,,,,,,,,,,,,,,,,,,,,,,,,,,,,,,,,,,
Sources,,,,,,,,,,,,,,,,,,,,,,,,,,,,,,,,,,,,,,,,,,,,
"Columns 1-11: World Bank (2011). ""World Development Indicators 2011."" Washington, D.C.: World Bank. http://data.worldbank.org. Accessed May 15, 2011.",,,,,,,,,,,,,,,,,,,,,,,,,,,,,,,,,,,,,,,,,,,,
"Columns 12-22: HDRO calculations based on data from World Bank (2011), IMF (2011) and UNSD (2011).",,,,,,,,,,,,,,,,,,,,,,,,,,,,,,,,,,,,,,,,,,,,
