,"MPI: Headcount ( k greater than or equal to 3), percentage population in poverty",,,,,,,,,,,,,,,,,,,,,,MPI: Intensity of deprivation,,,,,,,,,,,,,,,,,,,,,,MPI: Multidimensional poverty index (k greater than or equal to 3),,,,,,,,,,,,,,,,,,,,,,MPI: Population living below $1.25 PPP per day,,,,,,,,,,,,,,,,,,,,,
,1980,,1985,,1990,,1995,,2000,,2005,,2006,,2007,,2008,,2009,,2011,a,1980,,1985,,1990,,1995,,2000,,2005,,2006,,2007,,2008,,2009,,2011,a,1980,,1985,,1990,,1995,,2000,,2005,,2006,,2007,,2008,,2009,,2011,a,1980,,1985,,1990,,1995,,2000,,2005,,2006,,2007,,2008,,2009,,2011,
Country,(% of population),,(% of population),,(% of population),,(% of population),,(% of population),,(% of population),,(% of population),,(% of population),,(% of population),,(% of population),,(% of population),,,,,,,,,,,,,,,,,,,,,,,,(%),,(%),,(%),,(%),,(%),,(%),,(%),,(%),,(%),,(%),,(%),,(%),,(%),,(%),,(%),,(%),,(%),,(%),,(%),,(%),,(%),,(%),
Afghanistan,..,,..,,..,,..,,..,,..,,..,,..,,..,,..,,..,,..,,..,,..,,..,,..,,..,,..,,..,,..,,..,,..,,..,,..,,..,,..,,..,,..,,..,,..,,..,,..,,..,,..,,..,,..,,..,,..,,..,,..,,..,,..,,..,,..,
Albania,..,,..,,..,,..,,..,,..,,..,,..,,..,,..,,1.4,,..,,..,,..,,..,,..,,..,,..,,..,,..,,..,,37.7,,..,,..,,..,,..,,..,,..,,..,,..,,..,,..,,0.005,,..,,..,,..,,..,,..,,0.9,,..,,..,,0.6,,..,,..,
Algeria,..,,..,,..,,..,,..,,..,,..,,..,,..,,..,,..,,..,,..,,..,,..,,..,,..,,..,,..,,..,,..,,..,,..,,..,,..,,..,,..,,..,,..,,..,,..,,..,,..,,..,,..,,..,,6.8,,..,,..,,..,,..,,..,,..,,..,
Andorra,..,,..,,..,,..,,..,,..,,..,,..,,..,,..,,..,,..,,..,,..,,..,,..,,..,,..,,..,,..,,..,,..,,..,,..,,..,,..,,..,,..,,..,,..,,..,,..,,..,,..,,..,,..,,..,,..,,..,,..,,..,,..,,..,,..,
Angola,..,,..,,..,,..,,..,,..,,..,,..,,..,,..,,77.4,,..,,..,,..,,..,,..,,..,,..,,..,,..,,..,,58.4,,..,,..,,..,,..,,..,,..,,..,,..,,..,,..,,0.452,,..,,..,,..,,..,,54.3,,..,,..,,..,,..,,..,,..,
Antigua and Barbuda,..,,..,,..,,..,,..,,..,,..,,..,,..,,..,,..,,..,,..,,..,,..,,..,,..,,..,,..,,..,,..,,..,,..,,..,,..,,..,,..,,..,,..,,..,,..,,..,,..,,..,,..,,..,,..,,..,,..,,..,,..,,..,,..,,..,
Argentina,..,,..,,..,,..,,..,,..,,..,,..,,..,,..,,3.0,,..,,..,,..,,..,,..,,..,,..,,..,,..,,..,,37.7,,..,,..,,..,,..,,..,,..,,..,,..,,..,,..,,0.011,,..,,..,,..,,..,,..,,4.5,,3.1,,..,,..,,0.9,,..,
Armenia,..,,..,,..,,..,,..,,..,,..,,..,,..,,..,,1.1,,..,,..,,..,,..,,..,,..,,..,,..,,..,,..,,36.2,,..,,..,,..,,..,,..,,..,,..,,..,,..,,..,,0.004,,..,,..,,..,,..,,..,,..,,..,,..,,1.3,,..,,..,
Australia,..,,..,,..,,..,,..,,..,,..,,..,,..,,..,,..,,..,,..,,..,,..,,..,,..,,..,,..,,..,,..,,..,,..,,..,,..,,..,,..,,..,,..,,..,,..,,..,,..,,..,,..,,..,,..,,..,,..,,..,,..,,..,,..,,..,
Austria,..,,..,,..,,..,,..,,..,,..,,..,,..,,..,,..,,..,,..,,..,,..,,..,,..,,..,,..,,..,,..,,..,,..,,..,,..,,..,,..,,..,,..,,..,,..,,..,,..,,..,,..,,..,,..,,..,,..,,..,,..,,..,,..,,..,
Azerbaijan,..,,..,,..,,..,,..,,..,,..,,..,,..,,..,,5.3,,..,,..,,..,,..,,..,,..,,..,,..,,..,,..,,39.4,,..,,..,,..,,..,,..,,..,,..,,..,,..,,..,,0.021,,..,,..,,..,,15.6,,..,,0.0,,..,,..,,1.0,,..,,..,
Bahamas,..,,..,,..,,..,,..,,..,,..,,..,,..,,..,,..,,..,,..,,..,,..,,..,,..,,..,,..,,..,,..,,..,,..,,..,,..,,..,,..,,..,,..,,..,,..,,..,,..,,..,,..,,..,,..,,..,,..,,..,,..,,..,,..,,..,
Bahrain,..,,..,,..,,..,,..,,..,,..,,..,,..,,..,,..,,..,,..,,..,,..,,..,,..,,..,,..,,..,,..,,..,,..,,..,,..,,..,,..,,..,,..,,..,,..,,..,,..,,..,,..,,..,,..,,..,,..,,..,,..,,..,,..,,..,
Bangladesh,..,,..,,..,,..,,..,,..,,..,,..,,..,,..,,57.8,,..,,..,,..,,..,,..,,..,,..,,..,,..,,..,,50.4,,..,,..,,..,,..,,..,,..,,..,,..,,..,,..,,0.292,,..,,..,,..,,..,,57.8,,49.6,,..,,..,,..,,..,,..,
Barbados,..,,..,,..,,..,,..,,..,,..,,..,,..,,..,,..,,..,,..,,..,,..,,..,,..,,..,,..,,..,,..,,..,,..,,..,,..,,..,,..,,..,,..,,..,,..,,..,,..,,..,,..,,..,,..,,..,,..,,..,,..,,..,,..,,..,
Belarus,..,,..,,..,,..,,..,,..,,..,,..,,..,,..,,0.0,,..,,..,,..,,..,,..,,..,,..,,..,,..,,..,,35.1,,..,,..,,..,,..,,..,,..,,..,,..,,..,,..,,0.000,,..,,..,,..,,2.0,,0.3,,0.0,,..,,..,,0.0,,..,,..,
Belgium,..,,..,,..,,..,,..,,..,,..,,..,,..,,..,,..,,..,,..,,..,,..,,..,,..,,..,,..,,..,,..,,..,,..,,..,,..,,..,,..,,..,,..,,..,,..,,..,,..,,..,,..,,..,,..,,..,,..,,..,,..,,..,,..,,..,
Belize,..,,..,,..,,..,,..,,..,,..,,..,,..,,..,,5.6,,..,,..,,..,,..,,..,,..,,..,,..,,..,,..,,42.6,,..,,..,,..,,..,,..,,..,,..,,..,,..,,..,,0.024,,..,,..,,..,,13.4,,..,,..,,..,,..,,..,,..,,..,
Benin,..,,..,,..,,..,,..,,..,,..,,..,,..,,..,,71.8,,..,,..,,..,,..,,..,,..,,..,,..,,..,,..,,57.4,,..,,..,,..,,..,,..,,..,,..,,..,,..,,..,,0.412,,..,,..,,..,,..,,..,,..,,..,,..,,..,,..,,..,
Bhutan,..,,..,,..,,..,,..,,..,,..,,..,,..,,..,,27.2,,..,,..,,..,,..,,..,,..,,..,,..,,..,,..,,43.9,,..,,..,,..,,..,,..,,..,,..,,..,,..,,..,,0.119,,..,,..,,..,,..,,..,,..,,..,,..,,..,,..,,..,
Bolivia (Plurinational State of),..,,..,,..,,..,,..,,..,,..,,..,,..,,..,,20.5,,..,,..,,..,,..,,..,,..,,..,,..,,..,,..,,43.7,,..,,..,,..,,..,,..,,..,,..,,..,,..,,..,,0.089,,..,,..,,..,,..,,..,,19.6,,..,,14.0,,..,,..,,..,
Bosnia and Herzegovina,..,,..,,..,,..,,..,,..,,..,,..,,..,,..,,0.8,,..,,..,,..,,..,,..,,..,,..,,..,,..,,..,,37.2,,..,,..,,..,,..,,..,,..,,..,,..,,..,,..,,0.003,,..,,..,,..,,..,,..,,..,,..,,0.0,,..,,..,,..,
Botswana,..,,..,,..,,..,,..,,..,,..,,..,,..,,..,,..,,..,,..,,..,,..,,..,,..,,..,,..,,..,,..,,..,,..,,..,,..,,..,,..,,..,,..,,..,,..,,..,,..,,..,,..,,..,,..,,..,,..,,..,,..,,..,,..,,..,
Brazil,..,,..,,..,,..,,..,,..,,..,,..,,..,,..,,2.7,,..,,..,,..,,..,,..,,..,,..,,..,,..,,..,,39.3,,..,,..,,..,,..,,..,,..,,..,,..,,..,,..,,0.011,,..,,17.5,,15.5,,10.5,,..,,7.8,,..,,..,,4.3,,3.8,,..,
Brunei Darussalam,..,,..,,..,,..,,..,,..,,..,,..,,..,,..,,..,,..,,..,,..,,..,,..,,..,,..,,..,,..,,..,,..,,..,,..,,..,,..,,..,,..,,..,,..,,..,,..,,..,,..,,..,,..,,..,,..,,..,,..,,..,,..,,..,,..,
Bulgaria,..,,..,,..,,..,,..,,..,,..,,..,,..,,..,,..,,..,,..,,..,,..,,..,,..,,..,,..,,..,,..,,..,,..,,..,,..,,..,,..,,..,,..,,..,,..,,..,,..,,..,,..,,..,,2.0,,..,,..,,..,,1.0,,..,,..,,..,
Burkina Faso,..,,..,,..,,..,,..,,..,,..,,..,,..,,..,,82.6,,..,,..,,..,,..,,..,,..,,..,,..,,..,,..,,64.9,,..,,..,,..,,..,,..,,..,,..,,..,,..,,..,,0.536,,..,,..,,..,,..,,..,,..,,..,,..,,..,,..,,..,
Burundi,..,,..,,..,,..,,..,,..,,..,,..,,..,,..,,84.5,,..,,..,,..,,..,,..,,..,,..,,..,,..,,..,,62.7,,..,,..,,..,,..,,..,,..,,..,,..,,..,,..,,0.530,,..,,..,,..,,..,,..,,..,,81.3,,..,,..,,..,,..,
Cambodia,..,,..,,..,,..,,..,,..,,..,,..,,..,,..,,52.0,,..,,..,,..,,..,,..,,..,,..,,..,,..,,..,,48.4,,..,,..,,..,,..,,..,,..,,..,,..,,..,,..,,0.251,,..,,..,,..,,..,,..,,..,,..,,28.3,,..,,..,,..,
Cameroon,..,,..,,..,,..,,..,,..,,..,,..,,..,,..,,53.3,,..,,..,,..,,..,,..,,..,,..,,..,,..,,..,,53.9,,..,,..,,..,,..,,..,,..,,..,,..,,..,,..,,0.287,,..,,..,,..,,..,,..,,..,,..,,9.6,,..,,..,,..,
Canada,..,,..,,..,,..,,..,,..,,..,,..,,..,,..,,..,,..,,..,,..,,..,,..,,..,,..,,..,,..,,..,,..,,..,,..,,..,,..,,..,,..,,..,,..,,..,,..,,..,,..,,..,,..,,..,,..,,..,,..,,..,,..,,..,,..,
Cape Verde,..,,..,,..,,..,,..,,..,,..,,..,,..,,..,,..,,..,,..,,..,,..,,..,,..,,..,,..,,..,,..,,..,,..,,..,,..,,..,,..,,..,,..,,..,,..,,..,,..,,..,,..,,..,,..,,..,,..,,..,,..,,..,,..,,..,
Central African Republic,..,,..,,..,,..,,..,,..,,..,,..,,..,,..,,86.4,,..,,..,,..,,..,,..,,..,,..,,..,,..,,..,,59.3,,..,,..,,..,,..,,..,,..,,..,,..,,..,,..,,0.512,,..,,..,,..,,..,,..,,..,,..,,..,,62.8,,..,,..,
Chad,..,,..,,..,,..,,..,,..,,..,,..,,..,,..,,62.9,,..,,..,,..,,..,,..,,..,,..,,..,,..,,..,,54.7,,..,,..,,..,,..,,..,,..,,..,,..,,..,,..,,0.344,,..,,..,,..,,..,,..,,..,,..,,..,,..,,..,,..,
Chile,..,,..,,..,,..,,..,,..,,..,,..,,..,,..,,..,,..,,..,,..,,..,,..,,..,,..,,..,,..,,..,,..,,..,,..,,..,,..,,..,,..,,..,,..,,..,,..,,..,,..,,..,,4.4,,..,,1.0,,..,,0.2,,..,,..,,0.8,,..,
China,..,,..,,..,,..,,..,,..,,..,,..,,..,,..,,12.5,,..,,..,,..,,..,,..,,..,,..,,..,,..,,..,,44.9,,..,,..,,..,,..,,..,,..,,..,,..,,..,,..,,0.056,,..,,..,,60.2,,..,,..,,15.9,,..,,..,,..,,..,,..,
Colombia,..,,..,,..,,..,,..,,..,,..,,..,,..,,..,,5.4,,..,,..,,..,,..,,..,,..,,..,,..,,..,,..,,40.9,,..,,..,,..,,..,,..,,..,,..,,..,,..,,..,,0.022,,..,,..,,..,,11.2,,16.8,,..,,16.0,,..,,..,,..,,..,
Comoros,..,,..,,..,,..,,..,,..,,..,,..,,..,,..,,73.9,,..,,..,,..,,..,,..,,..,,..,,..,,..,,..,,55.2,,..,,..,,..,,..,,..,,..,,..,,..,,..,,..,,0.408,,..,,..,,..,,..,,..,,..,,..,,..,,..,,..,,..,
Congo,..,,..,,..,,..,,..,,..,,..,,..,,..,,..,,40.6,,..,,..,,..,,..,,..,,..,,..,,..,,..,,..,,51.2,,..,,..,,..,,..,,..,,..,,..,,..,,..,,..,,0.208,,..,,..,,..,,..,,..,,54.1,,..,,..,,..,,..,,..,
Congo (Democratic Republic of the),..,,..,,..,,..,,..,,..,,..,,..,,..,,..,,73.2,,..,,..,,..,,..,,..,,..,,..,,..,,..,,..,,53.7,,..,,..,,..,,..,,..,,..,,..,,..,,..,,..,,0.393,,..,,..,,..,,..,,..,,..,,59.2,,..,,..,,..,,..,
Costa Rica,..,,..,,..,,..,,..,,..,,..,,..,,..,,..,,..,,..,,..,,..,,..,,..,,..,,..,,..,,..,,..,,..,,..,,..,,..,,..,,..,,..,,..,,..,,..,,..,,..,,..,,..,,9.2,,..,,4.4,,2.4,,..,,..,,..,,0.7,,..,
Croatia,..,,..,,..,,..,,..,,..,,..,,..,,..,,..,,4.4,,..,,..,,..,,..,,..,,..,,..,,..,,..,,..,,36.3,,..,,..,,..,,..,,..,,..,,..,,..,,..,,..,,0.016,,..,,..,,..,,..,,0.0,,..,,..,,..,,0.0,,..,,..,
Cuba,..,,..,,..,,..,,..,,..,,..,,..,,..,,..,,..,,..,,..,,..,,..,,..,,..,,..,,..,,..,,..,,..,,..,,..,,..,,..,,..,,..,,..,,..,,..,,..,,..,,..,,..,,..,,..,,..,,..,,..,,..,,..,,..,,..,
Cyprus,..,,..,,..,,..,,..,,..,,..,,..,,..,,..,,..,,..,,..,,..,,..,,..,,..,,..,,..,,..,,..,,..,,..,,..,,..,,..,,..,,..,,..,,..,,..,,..,,..,,..,,..,,..,,..,,..,,..,,..,,..,,..,,..,,..,
Czech Republic,..,,..,,..,,..,,..,,..,,..,,..,,..,,..,,3.1,,..,,..,,..,,..,,..,,..,,..,,..,,..,,..,,33.4,,..,,..,,..,,..,,..,,..,,..,,..,,..,,..,,0.010,,..,,..,,..,,..,,..,,..,,..,,..,,..,,..,,..,
Côte d'Ivoire,..,,..,,..,,..,,..,,..,,..,,..,,..,,..,,61.5,,..,,..,,..,,..,,..,,..,,..,,..,,..,,..,,57.4,,..,,..,,..,,..,,..,,..,,..,,..,,..,,..,,0.353,,..,,9.5,,..,,21.1,,..,,..,,..,,..,,23.8,,..,,..,
Denmark,..,,..,,..,,..,,..,,..,,..,,..,,..,,..,,..,,..,,..,,..,,..,,..,,..,,..,,..,,..,,..,,..,,..,,..,,..,,..,,..,,..,,..,,..,,..,,..,,..,,..,,..,,..,,..,,..,,..,,..,,..,,..,,..,,..,
Djibouti,..,,..,,..,,..,,..,,..,,..,,..,,..,,..,,29.3,,..,,..,,..,,..,,..,,..,,..,,..,,..,,..,,47.3,,..,,..,,..,,..,,..,,..,,..,,..,,..,,..,,0.139,,..,,..,,..,,..,,..,,..,,..,,..,,..,,..,,..,
Dominica,..,,..,,..,,..,,..,,..,,..,,..,,..,,..,,..,,..,,..,,..,,..,,..,,..,,..,,..,,..,,..,,..,,..,,..,,..,,..,,..,,..,,..,,..,,..,,..,,..,,..,,..,,..,,..,,..,,..,,..,,..,,..,,..,,..,
Dominican Republic,..,,..,,..,,..,,..,,..,,..,,..,,..,,..,,4.6,,..,,..,,..,,..,,..,,..,,..,,..,,..,,..,,39.4,,..,,..,,..,,..,,..,,..,,..,,..,,..,,..,,0.018,,..,,..,,..,,..,,4.4,,5.0,,4.0,,4.3,,..,,..,,..,
Ecuador,..,,..,,..,,..,,..,,..,,..,,..,,..,,..,,2.2,,..,,..,,..,,..,,..,,..,,..,,..,,..,,..,,41.6,,..,,..,,..,,..,,..,,..,,..,,..,,..,,..,,0.009,,..,,..,,..,,..,,..,,9.8,,..,,4.7,,..,,5.1,,..,
Egypt,..,,..,,..,,..,,..,,..,,..,,..,,..,,..,,6.0,,..,,..,,..,,..,,..,,..,,..,,..,,..,,..,,40.7,,..,,..,,..,,..,,..,,..,,..,,..,,..,,..,,0.024,,..,,..,,..,,..,,1.8,,2.0,,..,,..,,..,,..,,..,
El Salvador,..,,..,,..,,..,,..,,..,,..,,..,,..,,..,,..,,..,,..,,..,,..,,..,,..,,..,,..,,..,,..,,..,,..,,..,,..,,..,,..,,..,,..,,..,,..,,..,,..,,..,,..,,..,,12.7,,12.8,,11.0,,..,,..,,5.1,,..,,..,
Equatorial Guinea,..,,..,,..,,..,,..,,..,,..,,..,,..,,..,,..,,..,,..,,..,,..,,..,,..,,..,,..,,..,,..,,..,,..,,..,,..,,..,,..,,..,,..,,..,,..,,..,,..,,..,,..,,..,,..,,..,,..,,..,,..,,..,,..,,..,
Eritrea,..,,..,,..,,..,,..,,..,,..,,..,,..,,..,,..,,..,,..,,..,,..,,..,,..,,..,,..,,..,,..,,..,,..,,..,,..,,..,,..,,..,,..,,..,,..,,..,,..,,..,,..,,..,,..,,..,,..,,..,,..,,..,,..,,..,
Estonia,..,,..,,..,,..,,..,,..,,..,,..,,..,,..,,7.2,,..,,..,,..,,..,,..,,..,,..,,..,,..,,..,,36.5,,..,,..,,..,,..,,..,,..,,..,,..,,..,,..,,0.026,,..,,..,,..,,###############################################################################################################################################################################################################################################################,,0.6,,..,,..,,..,,..,,..,,..,
Ethiopia,..,,..,,..,,..,,..,,..,,..,,..,,..,,..,,88.6,,..,,..,,..,,..,,..,,..,,..,,..,,..,,..,,63.5,,..,,..,,..,,..,,..,,..,,..,,..,,..,,..,,0.562,,..,,..,,..,,60.5,,55.6,,39.0,,..,,..,,..,,..,,..,
Fiji,..,,..,,..,,..,,..,,..,,..,,..,,..,,..,,..,,..,,..,,..,,..,,..,,..,,..,,..,,..,,..,,..,,..,,..,,..,,..,,..,,..,,..,,..,,..,,..,,..,,..,,..,,..,,..,,..,,..,,..,,..,,..,,..,,..,
Finland,..,,..,,..,,..,,..,,..,,..,,..,,..,,..,,..,,..,,..,,..,,..,,..,,..,,..,,..,,..,,..,,..,,..,,..,,..,,..,,..,,..,,..,,..,,..,,..,,..,,..,,..,,..,,..,,..,,..,,..,,..,,..,,..,,..,
France,..,,..,,..,,..,,..,,..,,..,,..,,..,,..,,..,,..,,..,,..,,..,,..,,..,,..,,..,,..,,..,,..,,..,,..,,..,,..,,..,,..,,..,,..,,..,,..,,..,,..,,..,,..,,..,,..,,..,,..,,..,,..,,..,,..,
Gabon,..,,..,,..,,..,,..,,..,,..,,..,,..,,..,,35.4,,..,,..,,..,,..,,..,,..,,..,,..,,..,,..,,45.5,,..,,..,,..,,..,,..,,..,,..,,..,,..,,..,,0.161,,..,,..,,..,,..,,..,,4.8,,..,,..,,..,,..,,..,
Gambia,..,,..,,..,,..,,..,,..,,..,,..,,..,,..,,60.4,,..,,..,,..,,..,,..,,..,,..,,..,,..,,..,,53.6,,..,,..,,..,,..,,..,,..,,..,,..,,..,,..,,0.324,,..,,..,,..,,..,,..,,..,,..,,..,,..,,..,,..,
Georgia,..,,..,,..,,..,,..,,..,,..,,..,,..,,..,,0.8,,..,,..,,..,,..,,..,,..,,..,,..,,..,,..,,35.2,,..,,..,,..,,..,,..,,..,,..,,..,,..,,..,,0.003,,..,,..,,..,,..,,9.6,,13.4,,..,,..,,14.7,,..,,..,
Germany,..,,..,,..,,..,,..,,..,,..,,..,,..,,..,,..,,..,,..,,..,,..,,..,,..,,..,,..,,..,,..,,..,,..,,..,,..,,..,,..,,..,,..,,..,,..,,..,,..,,..,,..,,..,,..,,..,,..,,..,,..,,..,,..,,..,
Ghana,..,,..,,..,,..,,..,,..,,..,,..,,..,,..,,31.2,,..,,..,,..,,..,,..,,..,,..,,..,,..,,..,,46.2,,..,,..,,..,,..,,..,,..,,..,,..,,..,,..,,0.144,,..,,..,,..,,..,,..,,..,,30.0,,..,,..,,..,,..,
Greece,..,,..,,..,,..,,..,,..,,..,,..,,..,,..,,..,,..,,..,,..,,..,,..,,..,,..,,..,,..,,..,,..,,..,,..,,..,,..,,..,,..,,..,,..,,..,,..,,..,,..,,..,,..,,..,,..,,..,,..,,..,,..,,..,,..,
Grenada,..,,..,,..,,..,,..,,..,,..,,..,,..,,..,,..,,..,,..,,..,,..,,..,,..,,..,,..,,..,,..,,..,,..,,..,,..,,..,,..,,..,,..,,..,,..,,..,,..,,..,,..,,..,,..,,..,,..,,..,,..,,..,,..,,..,
Guatemala,..,,..,,..,,..,,..,,..,,..,,..,,..,,..,,25.9,,..,,..,,..,,..,,..,,..,,..,,..,,..,,..,,49.1,,..,,..,,..,,..,,..,,..,,..,,..,,..,,..,,0.127,,..,,..,,..,,..,,13.1,,..,,..,,..,,..,,..,,..,
Guinea,..,,..,,..,,..,,..,,..,,..,,..,,..,,..,,82.5,,..,,..,,..,,..,,..,,..,,..,,..,,..,,..,,61.3,,..,,..,,..,,..,,..,,..,,..,,..,,..,,..,,0.506,,..,,..,,..,,..,,..,,..,,..,,43.3,,..,,..,,..,
Guinea-Bissau,..,,..,,..,,..,,..,,..,,..,,..,,..,,..,,..,,..,,..,,..,,..,,..,,..,,..,,..,,..,,..,,..,,..,,..,,..,,..,,..,,..,,..,,..,,..,,..,,..,,..,,..,,..,,..,,..,,..,,..,,..,,..,,..,,..,
Guyana,..,,..,,..,,..,,..,,..,,..,,..,,..,,..,,13.4,,..,,..,,..,,..,,..,,..,,..,,..,,..,,..,,39.5,,..,,..,,..,,..,,..,,..,,..,,..,,..,,..,,0.053,,..,,..,,..,,..,,..,,..,,..,,..,,..,,..,,..,
Haiti,..,,..,,..,,..,,..,,..,,..,,..,,..,,..,,56.4,,..,,..,,..,,..,,..,,..,,..,,..,,..,,..,,53.0,,..,,..,,..,,..,,..,,..,,..,,..,,..,,..,,0.299,,..,,..,,..,,..,,..,,..,,..,,..,,..,,..,,..,
Honduras,..,,..,,..,,..,,..,,..,,..,,..,,..,,..,,32.5,,..,,..,,..,,..,,..,,..,,..,,..,,..,,..,,48.9,,..,,..,,..,,..,,..,,..,,..,,..,,..,,..,,0.159,,..,,..,,43.5,,..,,..,,22.2,,..,,23.3,,..,,..,,..,
"Hong Kong, China (SAR)",..,,..,,..,,..,,..,,..,,..,,..,,..,,..,,..,,..,,..,,..,,..,,..,,..,,..,,..,,..,,..,,..,,..,,..,,..,,..,,..,,..,,..,,..,,..,,..,,..,,..,,..,,..,,..,,..,,..,,..,,..,,..,,..,,..,
Hungary,..,,..,,..,,..,,..,,..,,..,,..,,..,,..,,4.6,,..,,..,,..,,..,,..,,..,,..,,..,,..,,..,,34.3,,..,,..,,..,,..,,..,,..,,..,,..,,..,,..,,0.016,,..,,..,,..,,..,,0.0,,..,,..,,0.0,,..,,..,,..,
Iceland,..,,..,,..,,..,,..,,..,,..,,..,,..,,..,,..,,..,,..,,..,,..,,..,,..,,..,,..,,..,,..,,..,,..,,..,,..,,..,,..,,..,,..,,..,,..,,..,,..,,..,,..,,..,,..,,..,,..,,..,,..,,..,,..,,..,
India,..,,..,,..,,..,,..,,..,,..,,..,,..,,..,,53.7,,..,,..,,..,,..,,..,,..,,..,,..,,..,,..,,52.7,,..,,..,,..,,..,,..,,..,,..,,..,,..,,..,,0.283,,..,,..,,..,,..,,..,,41.6,,..,,..,,..,,..,,..,
Indonesia,..,,..,,..,,..,,..,,..,,..,,..,,..,,..,,20.8,,..,,..,,..,,..,,..,,..,,..,,..,,..,,..,,45.9,,..,,..,,..,,..,,..,,..,,..,,..,,..,,..,,0.095,,..,,..,,..,,..,,..,,21.4,,28.0,,24.6,,..,,18.7,,..,
Iran (Islamic Republic of),..,,..,,..,,..,,..,,..,,..,,..,,..,,..,,..,,..,,..,,..,,..,,..,,..,,..,,..,,..,,..,,..,,..,,..,,..,,..,,..,,..,,..,,..,,..,,..,,..,,..,,..,,3.9,,..,,..,,1.5,,..,,..,,..,,..,,..,
Iraq,..,,..,,..,,..,,..,,..,,..,,..,,..,,..,,14.2,,..,,..,,..,,..,,..,,..,,..,,..,,..,,..,,41.3,,..,,..,,..,,..,,..,,..,,..,,..,,..,,..,,0.059,,..,,..,,..,,..,,..,,..,,..,,4.0,,..,,..,,..,
Ireland,..,,..,,..,,..,,..,,..,,..,,..,,..,,..,,..,,..,,..,,..,,..,,..,,..,,..,,..,,..,,..,,..,,..,,..,,..,,..,,..,,..,,..,,..,,..,,..,,..,,..,,..,,..,,..,,..,,..,,..,,..,,..,,..,,..,
Israel,..,,..,,..,,..,,..,,..,,..,,..,,..,,..,,..,,..,,..,,..,,..,,..,,..,,..,,..,,..,,..,,..,,..,,..,,..,,..,,..,,..,,..,,..,,..,,..,,..,,..,,..,,..,,..,,..,,..,,..,,..,,..,,..,,..,
Italy,..,,..,,..,,..,,..,,..,,..,,..,,..,,..,,..,,..,,..,,..,,..,,..,,..,,..,,..,,..,,..,,..,,..,,..,,..,,..,,..,,..,,..,,..,,..,,..,,..,,..,,..,,..,,..,,..,,..,,..,,..,,..,,..,,..,
Jamaica,..,,..,,..,,..,,..,,..,,..,,..,,..,,..,,..,,..,,..,,..,,..,,..,,..,,..,,..,,..,,..,,..,,..,,..,,..,,..,,..,,..,,..,,..,,..,,..,,..,,..,,..,,###############################################################################################################################################################################################################################################################,,..,,..,,..,,..,,..,,..,,..,,..,
Japan,..,,..,,..,,..,,..,,..,,..,,..,,..,,..,,..,,..,,..,,..,,..,,..,,..,,..,,..,,..,,..,,..,,..,,..,,..,,..,,..,,..,,..,,..,,..,,..,,..,,..,,..,,..,,..,,..,,..,,..,,..,,..,,..,,..,
Jordan,..,,..,,..,,..,,..,,..,,..,,..,,..,,..,,2.4,,..,,..,,..,,..,,..,,..,,..,,..,,..,,..,,34.4,,..,,..,,..,,..,,..,,..,,..,,..,,..,,..,,0.008,,..,,..,,..,,..,,..,,..,,0.4,,..,,..,,..,,..,
Kazakhstan,..,,..,,..,,..,,..,,..,,..,,..,,..,,..,,0.6,,..,,..,,..,,..,,..,,..,,..,,..,,..,,..,,36.9,,..,,..,,..,,..,,..,,..,,..,,..,,..,,..,,0.002,,..,,..,,..,,..,,..,,..,,..,,0.2,,..,,..,,..,
Kenya,..,,..,,..,,..,,..,,..,,..,,..,,..,,..,,47.8,,..,,..,,..,,..,,..,,..,,..,,..,,..,,..,,48.0,,..,,..,,..,,..,,..,,..,,..,,..,,..,,..,,0.229,,..,,..,,..,,..,,..,,19.7,,..,,..,,..,,..,,..,
Kiribati,..,,..,,..,,..,,..,,..,,..,,..,,..,,..,,..,,..,,..,,..,,..,,..,,..,,..,,..,,..,,..,,..,,..,,..,,..,,..,,..,,..,,..,,..,,..,,..,,..,,..,,..,,..,,..,,..,,..,,..,,..,,..,,..,,..,
Korea (Democratic People's Rep. of),..,,..,,..,,..,,..,,..,,..,,..,,..,,..,,..,,..,,..,,..,,..,,..,,..,,..,,..,,..,,..,,..,,..,,..,,..,,..,,..,,..,,..,,..,,..,,..,,..,,..,,..,,..,,..,,..,,..,,..,,..,,..,,..,,..,
Korea (Republic of),..,,..,,..,,..,,..,,..,,..,,..,,..,,..,,..,,..,,..,,..,,..,,..,,..,,..,,..,,..,,..,,..,,..,,..,,..,,..,,..,,..,,..,,..,,..,,..,,..,,..,,..,,..,,..,,..,,..,,..,,..,,..,,..,,..,
Kuwait,..,,..,,..,,..,,..,,..,,..,,..,,..,,..,,..,,..,,..,,..,,..,,..,,..,,..,,..,,..,,..,,..,,..,,..,,..,,..,,..,,..,,..,,..,,..,,..,,..,,..,,..,,..,,..,,..,,..,,..,,..,,..,,..,,..,
Kyrgyzstan,..,,..,,..,,..,,..,,..,,..,,..,,..,,..,,4.9,,..,,..,,..,,..,,..,,..,,..,,..,,..,,..,,38.8,,..,,..,,..,,..,,..,,..,,..,,..,,..,,..,,0.019,,..,,..,,..,,..,,..,,..,,..,,1.9,,..,,..,,..,
Lao People's Democratic Republic,..,,..,,..,,..,,..,,..,,..,,..,,..,,..,,47.2,,..,,..,,..,,..,,..,,..,,..,,..,,..,,..,,56.5,,..,,..,,..,,..,,..,,..,,..,,..,,..,,..,,0.267,,..,,..,,..,,..,,..,,..,,..,,..,,33.9,,..,,..,
Latvia,..,,..,,..,,..,,..,,..,,..,,..,,..,,..,,1.6,,..,,..,,..,,..,,..,,..,,..,,..,,..,,..,,37.9,,..,,..,,..,,..,,..,,..,,..,,..,,..,,..,,0.006,,..,,..,,..,,###############################################################################################################################################################################################################################################################,,..,,..,,..,,..,,..,,..,,..,
Lebanon,..,,..,,..,,..,,..,,..,,..,,..,,..,,..,,..,,..,,..,,..,,..,,..,,..,,..,,..,,..,,..,,..,,..,,..,,..,,..,,..,,..,,..,,..,,..,,..,,..,,..,,..,,..,,..,,..,,..,,..,,..,,..,,..,,..,
Lesotho,..,,..,,..,,..,,..,,..,,..,,..,,..,,..,,35.3,,..,,..,,..,,..,,..,,..,,..,,..,,..,,..,,44.1,,..,,..,,..,,..,,..,,..,,..,,..,,..,,..,,0.156,,..,,..,,..,,47.6,,..,,..,,..,,..,,..,,..,,..,
Liberia,..,,..,,..,,..,,..,,..,,..,,..,,..,,..,,83.9,,..,,..,,..,,..,,..,,..,,..,,..,,..,,..,,57.7,,..,,..,,..,,..,,..,,..,,..,,..,,..,,..,,0.485,,..,,..,,..,,..,,..,,..,,..,,83.7,,..,,..,,..,
Libyan Arab Jamahiriya,..,,..,,..,,..,,..,,..,,..,,..,,..,,..,,..,,..,,..,,..,,..,,..,,..,,..,,..,,..,,..,,..,,..,,..,,..,,..,,..,,..,,..,,..,,..,,..,,..,,..,,..,,..,,..,,..,,..,,..,,..,,..,,..,,..,
Liechtenstein,..,,..,,..,,..,,..,,..,,..,,..,,..,,..,,..,,..,,..,,..,,..,,..,,..,,..,,..,,..,,..,,..,,..,,..,,..,,..,,..,,..,,..,,..,,..,,..,,..,,..,,..,,..,,..,,..,,..,,..,,..,,..,,..,,..,
Lithuania,..,,..,,..,,..,,..,,..,,..,,..,,..,,..,,..,,..,,..,,..,,..,,..,,..,,..,,..,,..,,..,,..,,..,,..,,..,,..,,..,,..,,..,,..,,..,,..,,..,,..,,..,,..,,..,,0.3,,..,,..,,..,,0.0,,..,,..,
Luxembourg,..,,..,,..,,..,,..,,..,,..,,..,,..,,..,,..,,..,,..,,..,,..,,..,,..,,..,,..,,..,,..,,..,,..,,..,,..,,..,,..,,..,,..,,..,,..,,..,,..,,..,,..,,..,,..,,..,,..,,..,,..,,..,,..,,..,
Madagascar,..,,..,,..,,..,,..,,..,,..,,..,,..,,..,,66.9,,..,,..,,..,,..,,..,,..,,..,,..,,..,,..,,53.3,,..,,..,,..,,..,,..,,..,,..,,..,,..,,..,,0.357,,85.9,,..,,..,,..,,..,,67.8,,..,,..,,..,,..,,..,
Malawi,..,,..,,..,,..,,..,,..,,..,,..,,..,,..,,72.1,,..,,..,,..,,..,,..,,..,,..,,..,,..,,..,,52.8,,..,,..,,..,,..,,..,,..,,..,,..,,..,,..,,0.381,,..,,..,,..,,..,,..,,..,,..,,..,,..,,..,,..,
Malaysia,..,,..,,..,,..,,..,,..,,..,,..,,..,,..,,..,,..,,..,,..,,..,,..,,..,,..,,..,,..,,..,,..,,..,,..,,..,,..,,..,,..,,..,,..,,..,,..,,..,,..,,..,,..,,2.1,,..,,..,,..,,..,,..,,0.0,,..,
Maldives,..,,..,,..,,..,,..,,..,,..,,..,,..,,..,,5.2,,..,,..,,..,,..,,..,,..,,..,,..,,..,,..,,35.6,,..,,..,,..,,..,,..,,..,,..,,..,,..,,..,,0.018,,..,,..,,..,,..,,..,,..,,..,,..,,..,,..,,..,
Mali,..,,..,,..,,..,,..,,..,,..,,..,,..,,..,,86.6,,..,,..,,..,,..,,..,,..,,..,,..,,..,,..,,64.4,,..,,..,,..,,..,,..,,..,,..,,..,,..,,..,,0.558,,..,,..,,..,,..,,..,,..,,51.4,,..,,..,,..,,..,
Malta,..,,..,,..,,..,,..,,..,,..,,..,,..,,..,,..,,..,,..,,..,,..,,..,,..,,..,,..,,..,,..,,..,,..,,..,,..,,..,,..,,..,,..,,..,,..,,..,,..,,..,,..,,..,,..,,..,,..,,..,,..,,..,,..,,..,
Marshall Islands,..,,..,,..,,..,,..,,..,,..,,..,,..,,..,,..,,..,,..,,..,,..,,..,,..,,..,,..,,..,,..,,..,,..,,..,,..,,..,,..,,..,,..,,..,,..,,..,,..,,..,,..,,..,,..,,..,,..,,..,,..,,..,,..,,..,
Mauritania,..,,..,,..,,..,,..,,..,,..,,..,,..,,..,,61.7,,..,,..,,..,,..,,..,,..,,..,,..,,..,,..,,57.1,,..,,..,,..,,..,,..,,..,,..,,..,,..,,..,,0.352,,..,,..,,..,,..,,21.2,,..,,..,,..,,..,,..,,..,
Mauritius,..,,..,,..,,..,,..,,..,,..,,..,,..,,..,,..,,..,,..,,..,,..,,..,,..,,..,,..,,..,,..,,..,,..,,..,,..,,..,,..,,..,,..,,..,,..,,..,,..,,..,,..,,..,,..,,..,,..,,..,,..,,..,,..,,..,
Mexico,..,,..,,..,,..,,..,,..,,..,,..,,..,,..,,4.0,,..,,..,,..,,..,,..,,..,,..,,..,,..,,..,,38.9,,..,,..,,..,,..,,..,,..,,..,,..,,..,,..,,0.015,,..,,..,,..,,..,,7.1,,..,,3.2,,..,,3.4,,..,,..,
Micronesia (Federated States of),..,,..,,..,,..,,..,,..,,..,,..,,..,,..,,..,,..,,..,,..,,..,,..,,..,,..,,..,,..,,..,,..,,..,,..,,..,,..,,..,,..,,..,,..,,..,,..,,..,,..,,..,,..,,..,,31.2,,..,,..,,..,,..,,..,,..,
Moldova (Republic of),..,,..,,..,,..,,..,,..,,..,,..,,..,,..,,1.9,,..,,..,,..,,..,,..,,..,,..,,..,,..,,..,,36.7,,..,,..,,..,,..,,..,,..,,..,,..,,..,,..,,0.007,,..,,..,,..,,..,,..,,..,,..,,..,,1.9,,..,,..,
Monaco,..,,..,,..,,..,,..,,..,,..,,..,,..,,..,,..,,..,,..,,..,,..,,..,,..,,..,,..,,..,,..,,..,,..,,..,,..,,..,,..,,..,,..,,..,,..,,..,,..,,..,,..,,..,,..,,..,,..,,..,,..,,..,,..,,..,
Mongolia,..,,..,,..,,..,,..,,..,,..,,..,,..,,..,,15.8,,..,,..,,..,,..,,..,,..,,..,,..,,..,,..,,41.0,,..,,..,,..,,..,,..,,..,,..,,..,,..,,..,,0.065,,..,,..,,..,,18.8,,..,,22.4,,..,,..,,..,,..,,..,
Montenegro,..,,..,,..,,..,,..,,..,,..,,..,,..,,..,,1.5,,..,,..,,..,,..,,..,,..,,..,,..,,..,,..,,41.6,,..,,..,,..,,..,,..,,..,,..,,..,,..,,..,,0.006,,..,,..,,..,,..,,..,,..,,..,,..,,0.0,,..,,..,
Morocco,..,,..,,..,,..,,..,,..,,..,,..,,..,,..,,10.6,,..,,..,,..,,..,,..,,..,,..,,..,,..,,..,,45.3,,..,,..,,..,,..,,..,,..,,..,,..,,..,,..,,0.048,,..,,8.4,,..,,..,,..,,..,,..,,2.5,,..,,..,,..,
Mozambique,..,,..,,..,,..,,..,,..,,..,,..,,..,,..,,79.3,,..,,..,,..,,..,,..,,..,,..,,..,,..,,..,,64.6,,..,,..,,..,,..,,..,,..,,..,,..,,..,,..,,0.512,,..,,..,,..,,..,,..,,..,,..,,..,,60.0,,..,,..,
Myanmar,..,,..,,..,,..,,..,,..,,..,,..,,..,,..,,31.8,,..,,..,,..,,..,,..,,..,,..,,..,,..,,..,,48.3,,..,,..,,..,,..,,..,,..,,..,,..,,..,,..,,0.154,,..,,..,,..,,..,,..,,..,,..,,..,,..,,..,,..,
Namibia,..,,..,,..,,..,,..,,..,,..,,..,,..,,..,,39.6,,..,,..,,..,,..,,..,,..,,..,,..,,..,,..,,47.2,,..,,..,,..,,..,,..,,..,,..,,..,,..,,..,,0.187,,..,,..,,..,,..,,..,,..,,..,,..,,..,,..,,..,
Nauru,..,,..,,..,,..,,..,,..,,..,,..,,..,,..,,..,,..,,..,,..,,..,,..,,..,,..,,..,,..,,..,,..,,..,,..,,..,,..,,..,,..,,..,,..,,..,,..,,..,,..,,..,,..,,..,,..,,..,,..,,..,,..,,..,,..,
Nepal,..,,..,,..,,..,,..,,..,,..,,..,,..,,..,,64.7,,..,,..,,..,,..,,..,,..,,..,,..,,..,,..,,54.0,,..,,..,,..,,..,,..,,..,,..,,..,,..,,..,,0.350,,..,,78.1,,..,,..,,..,,..,,..,,..,,..,,..,,..,
Netherlands,..,,..,,..,,..,,..,,..,,..,,..,,..,,..,,..,,..,,..,,..,,..,,..,,..,,..,,..,,..,,..,,..,,..,,..,,..,,..,,..,,..,,..,,..,,..,,..,,..,,..,,..,,..,,..,,..,,..,,..,,..,,..,,..,,..,
New Zealand,..,,..,,..,,..,,..,,..,,..,,..,,..,,..,,..,,..,,..,,..,,..,,..,,..,,..,,..,,..,,..,,..,,..,,..,,..,,..,,..,,..,,..,,..,,..,,..,,..,,..,,..,,..,,..,,..,,..,,..,,..,,..,,..,,..,
Nicaragua,..,,..,,..,,..,,..,,..,,..,,..,,..,,..,,28.0,,..,,..,,..,,..,,..,,..,,..,,..,,..,,..,,45.7,,..,,..,,..,,..,,..,,..,,..,,..,,..,,..,,0.128,,..,,..,,..,,..,,..,,15.8,,..,,..,,..,,..,,..,
Niger,..,,..,,..,,..,,..,,..,,..,,..,,..,,..,,92.4,,..,,..,,..,,..,,..,,..,,..,,..,,..,,..,,69.4,,..,,..,,..,,..,,..,,..,,..,,..,,..,,..,,0.642,,..,,..,,..,,..,,..,,65.9,,..,,43.1,,..,,..,,..,
Nigeria,..,,..,,..,,..,,..,,..,,..,,..,,..,,..,,54.1,,..,,..,,..,,..,,..,,..,,..,,..,,..,,..,,57.3,,..,,..,,..,,..,,..,,..,,..,,..,,..,,..,,0.310,,..,,..,,..,,..,,..,,..,,..,,..,,..,,..,,..,
Norway,..,,..,,..,,..,,..,,..,,..,,..,,..,,..,,..,,..,,..,,..,,..,,..,,..,,..,,..,,..,,..,,..,,..,,..,,..,,..,,..,,..,,..,,..,,..,,..,,..,,..,,..,,..,,..,,..,,..,,..,,..,,..,,..,,..,
Occupied Palestinian Territory,..,,..,,..,,..,,..,,..,,..,,..,,..,,..,,1.4,,..,,..,,..,,..,,..,,..,,..,,..,,..,,..,,37.3,,..,,..,,..,,..,,..,,..,,..,,..,,..,,..,,0.005,,..,,..,,..,,..,,..,,..,,..,,..,,..,,..,,..,
Oman,..,,..,,..,,..,,..,,..,,..,,..,,..,,..,,..,,..,,..,,..,,..,,..,,..,,..,,..,,..,,..,,..,,..,,..,,..,,..,,..,,..,,..,,..,,..,,..,,..,,..,,..,,..,,..,,..,,..,,..,,..,,..,,..,,..,
Pakistan,..,,..,,..,,..,,..,,..,,..,,..,,..,,..,,49.4,,..,,..,,..,,..,,..,,..,,..,,..,,..,,..,,53.4,,..,,..,,..,,..,,..,,..,,..,,..,,..,,..,,0.264,,..,,..,,..,,..,,..,,22.6,,..,,..,,..,,..,,..,
Palau,..,,..,,..,,..,,..,,..,,..,,..,,..,,..,,..,,..,,..,,..,,..,,..,,..,,..,,..,,..,,..,,..,,..,,..,,..,,..,,..,,..,,..,,..,,..,,..,,..,,..,,..,,..,,..,,..,,..,,..,,..,,..,,..,,..,
Panama,..,,..,,..,,..,,..,,..,,..,,..,,..,,..,,..,,..,,..,,..,,..,,..,,..,,..,,..,,..,,..,,..,,..,,..,,..,,..,,..,,..,,..,,..,,..,,..,,..,,..,,..,,..,,11.5,,11.5,,..,,9.5,,..,,..,,..,,..,
Papua New Guinea,..,,..,,..,,..,,..,,..,,..,,..,,..,,..,,..,,..,,..,,..,,..,,..,,..,,..,,..,,..,,..,,..,,..,,..,,..,,..,,..,,..,,..,,..,,..,,..,,..,,..,,..,,..,,..,,..,,..,,..,,..,,..,,..,,..,
Paraguay,..,,..,,..,,..,,..,,..,,..,,..,,..,,..,,13.3,,..,,..,,..,,..,,..,,..,,..,,..,,..,,..,,48.5,,..,,..,,..,,..,,..,,..,,..,,..,,..,,..,,0.064,,..,,..,,5.9,,12.7,,..,,9.3,,..,,6.5,,5.1,,..,,..,
Peru,..,,..,,..,,..,,..,,..,,..,,..,,..,,..,,19.9,,..,,..,,..,,..,,..,,..,,..,,..,,..,,..,,43.2,,..,,..,,..,,..,,..,,..,,..,,..,,..,,..,,0.086,,..,,..,,###############################################################################################################################################################################################################################################################,,..,,..,,8.2,,7.9,,..,,..,,5.9,,..,
Philippines,..,,..,,..,,..,,..,,..,,..,,..,,..,,..,,13.4,,..,,..,,..,,..,,..,,..,,..,,..,,..,,..,,47.4,,..,,..,,..,,..,,..,,..,,..,,..,,..,,..,,0.064,,..,,34.9,,..,,..,,22.5,,..,,22.6,,..,,..,,..,,..,
Poland,..,,..,,..,,..,,..,,..,,..,,..,,..,,..,,..,,..,,..,,..,,..,,..,,..,,..,,..,,..,,..,,..,,..,,..,,..,,..,,..,,..,,..,,..,,..,,..,,..,,..,,2.0,,..,,..,,0.1,,0.1,,..,,..,,0.0,,..,,..,
Portugal,..,,..,,..,,..,,..,,..,,..,,..,,..,,..,,..,,..,,..,,..,,..,,..,,..,,..,,..,,..,,..,,..,,..,,..,,..,,..,,..,,..,,..,,..,,..,,..,,..,,..,,..,,..,,..,,..,,..,,..,,..,,..,,..,,..,
Qatar,..,,..,,..,,..,,..,,..,,..,,..,,..,,..,,..,,..,,..,,..,,..,,..,,..,,..,,..,,..,,..,,..,,..,,..,,..,,..,,..,,..,,..,,..,,..,,..,,..,,..,,..,,..,,..,,..,,..,,..,,..,,..,,..,,..,
Romania,..,,..,,..,,..,,..,,..,,..,,..,,..,,..,,..,,..,,..,,..,,..,,..,,..,,..,,..,,..,,..,,..,,..,,..,,..,,..,,..,,..,,..,,..,,..,,..,,..,,..,,..,,..,,..,,3.7,,0.8,,..,,..,,0.5,,..,,..,
Russian Federation,..,,..,,..,,..,,..,,..,,..,,..,,..,,..,,1.3,,..,,..,,..,,..,,..,,..,,..,,..,,..,,..,,38.9,,..,,..,,..,,..,,..,,..,,..,,..,,..,,..,,0.005,,..,,..,,..,,..,,..,,0.2,,..,,..,,0.0,,..,,..,
Rwanda,..,,..,,..,,..,,..,,..,,..,,..,,..,,..,,80.2,,..,,..,,..,,..,,..,,..,,..,,..,,..,,..,,53.2,,..,,..,,..,,..,,..,,..,,..,,..,,..,,..,,0.426,,..,,63.3,,..,,..,,76.6,,76.8,,..,,..,,..,,..,,..,
Saint Kitts and Nevis,..,,..,,..,,..,,..,,..,,..,,..,,..,,..,,..,,..,,..,,..,,..,,..,,..,,..,,..,,..,,..,,..,,..,,..,,..,,..,,..,,..,,..,,..,,..,,..,,..,,..,,..,,..,,..,,..,,..,,..,,..,,..,,..,,..,
Saint Lucia,..,,..,,..,,..,,..,,..,,..,,..,,..,,..,,..,,..,,..,,..,,..,,..,,..,,..,,..,,..,,..,,..,,..,,..,,..,,..,,..,,..,,..,,..,,..,,..,,..,,..,,..,,..,,20.9,,..,,..,,..,,..,,..,,..,,..,
Saint Vincent and the Grenadines,..,,..,,..,,..,,..,,..,,..,,..,,..,,..,,..,,..,,..,,..,,..,,..,,..,,..,,..,,..,,..,,..,,..,,..,,..,,..,,..,,..,,..,,..,,..,,..,,..,,..,,..,,..,,..,,..,,..,,..,,..,,..,,..,,..,
Samoa,..,,..,,..,,..,,..,,..,,..,,..,,..,,..,,..,,..,,..,,..,,..,,..,,..,,..,,..,,..,,..,,..,,..,,..,,..,,..,,..,,..,,..,,..,,..,,..,,..,,..,,..,,..,,..,,..,,..,,..,,..,,..,,..,,..,
San Marino,..,,..,,..,,..,,..,,..,,..,,..,,..,,..,,..,,..,,..,,..,,..,,..,,..,,..,,..,,..,,..,,..,,..,,..,,..,,..,,..,,..,,..,,..,,..,,..,,..,,..,,..,,..,,..,,..,,..,,..,,..,,..,,..,,..,
Sao Tome and Principe,..,,..,,..,,..,,..,,..,,..,,..,,..,,..,,34.5,,..,,..,,..,,..,,..,,..,,..,,..,,..,,..,,44.7,,..,,..,,..,,..,,..,,..,,..,,..,,..,,..,,0.154,,..,,..,,..,,..,,..,,..,,..,,..,,..,,..,,..,
Saudi Arabia,..,,..,,..,,..,,..,,..,,..,,..,,..,,..,,..,,..,,..,,..,,..,,..,,..,,..,,..,,..,,..,,..,,..,,..,,..,,..,,..,,..,,..,,..,,..,,..,,..,,..,,..,,..,,..,,..,,..,,..,,..,,..,,..,,..,
Senegal,..,,..,,..,,..,,..,,..,,..,,..,,..,,..,,66.9,,..,,..,,..,,..,,..,,..,,..,,..,,..,,..,,57.4,,..,,..,,..,,..,,..,,..,,..,,..,,..,,..,,0.384,,..,,..,,..,,54.1,,..,,33.5,,..,,..,,..,,..,,..,
Serbia,..,,..,,..,,..,,..,,..,,..,,..,,..,,..,,0.8,,..,,..,,..,,..,,..,,..,,..,,..,,..,,..,,40.0,,..,,..,,..,,..,,..,,..,,..,,..,,..,,..,,0.003,,..,,..,,..,,..,,..,,..,,..,,..,,0.1,,..,,..,
Seychelles,..,,..,,..,,..,,..,,..,,..,,..,,..,,..,,..,,..,,..,,..,,..,,..,,..,,..,,..,,..,,..,,..,,..,,..,,..,,..,,..,,..,,..,,..,,..,,..,,..,,..,,..,,..,,..,,0.0,,..,,..,,0.3,,..,,..,,..,
Sierra Leone,..,,..,,..,,..,,..,,..,,..,,..,,..,,..,,77.0,,..,,..,,..,,..,,..,,..,,..,,..,,..,,..,,57.0,,..,,..,,..,,..,,..,,..,,..,,..,,..,,..,,0.439,,..,,..,,62.8,,..,,..,,..,,..,,..,,..,,..,,..,
Singapore,..,,..,,..,,..,,..,,..,,..,,..,,..,,..,,..,,..,,..,,..,,..,,..,,..,,..,,..,,..,,..,,..,,..,,..,,..,,..,,..,,..,,..,,..,,..,,..,,..,,..,,..,,..,,..,,..,,..,,..,,..,,..,,..,,..,
Slovakia,..,,..,,..,,..,,..,,..,,..,,..,,..,,..,,0.0,,..,,..,,..,,..,,..,,..,,..,,..,,..,,..,,0.0,,..,,..,,..,,..,,..,,..,,..,,..,,..,,..,,0.000,,..,,..,,..,,..,,..,,..,,..,,..,,..,,..,,..,
Slovenia,..,,..,,..,,..,,..,,..,,..,,..,,..,,..,,0.0,,..,,..,,..,,..,,..,,..,,..,,..,,..,,..,,0.0,,..,,..,,..,,..,,..,,..,,..,,..,,..,,..,,0.000,,..,,..,,..,,..,,..,,..,,..,,..,,..,,..,,..,
Solomon Islands,..,,..,,..,,..,,..,,..,,..,,..,,..,,..,,..,,..,,..,,..,,..,,..,,..,,..,,..,,..,,..,,..,,..,,..,,..,,..,,..,,..,,..,,..,,..,,..,,..,,..,,..,,..,,..,,..,,..,,..,,..,,..,,..,,..,
Somalia,..,,..,,..,,..,,..,,..,,..,,..,,..,,..,,81.2,,..,,..,,..,,..,,..,,..,,..,,..,,..,,..,,63.3,,..,,..,,..,,..,,..,,..,,..,,..,,..,,..,,0.514,,..,,..,,..,,..,,..,,..,,..,,..,,..,,..,,..,
South Africa,..,,..,,..,,..,,..,,..,,..,,..,,..,,..,,13.4,,..,,..,,..,,..,,..,,..,,..,,..,,..,,..,,42.3,,..,,..,,..,,..,,..,,..,,..,,..,,..,,..,,0.057,,..,,..,,..,,21.4,,26.2,,..,,17.4,,..,,..,,..,,..,
Spain,..,,..,,..,,..,,..,,..,,..,,..,,..,,..,,..,,..,,..,,..,,..,,..,,..,,..,,..,,..,,..,,..,,..,,..,,..,,..,,..,,..,,..,,..,,..,,..,,..,,..,,..,,..,,..,,..,,..,,..,,..,,..,,..,,..,
Sri Lanka,..,,..,,..,,..,,..,,..,,..,,..,,..,,..,,5.3,,..,,..,,..,,..,,..,,..,,..,,..,,..,,..,,38.7,,..,,..,,..,,..,,..,,..,,..,,..,,..,,..,,0.021,,..,,20.0,,..,,..,,..,,..,,..,,7.0,,..,,..,,..,
Sudan*,..,,..,,..,,..,,..,,..,,..,,..,,..,,..,,..,,..,,..,,..,,..,,..,,..,,..,,..,,..,,..,,..,,..,,..,,..,,..,,..,,..,,..,,..,,..,,..,,..,,..,,..,,..,,..,,..,,..,,..,,..,,..,,..,,..,
Suriname,..,,..,,..,,..,,..,,..,,..,,..,,..,,..,,8.2,,..,,..,,..,,..,,..,,..,,..,,..,,..,,..,,47.2,,..,,..,,..,,..,,..,,..,,..,,..,,..,,..,,0.039,,..,,..,,..,,..,,..,,..,,..,,..,,..,,..,,..,
Swaziland,..,,..,,..,,..,,..,,..,,..,,..,,..,,..,,41.4,,..,,..,,..,,..,,..,,..,,..,,..,,..,,..,,44.5,,..,,..,,..,,..,,..,,..,,..,,..,,..,,..,,0.184,,..,,..,,..,,78.6,,..,,..,,..,,..,,..,,..,,..,
Sweden,..,,..,,..,,..,,..,,..,,..,,..,,..,,..,,..,,..,,..,,..,,..,,..,,..,,..,,..,,..,,..,,..,,..,,..,,..,,..,,..,,..,,..,,..,,..,,..,,..,,..,,..,,..,,..,,..,,..,,..,,..,,..,,..,,..,
Switzerland,..,,..,,..,,..,,..,,..,,..,,..,,..,,..,,..,,..,,..,,..,,..,,..,,..,,..,,..,,..,,..,,..,,..,,..,,..,,..,,..,,..,,..,,..,,..,,..,,..,,..,,..,,..,,..,,..,,..,,..,,..,,..,,..,,..,
Syrian Arab Republic,..,,..,,..,,..,,..,,..,,..,,..,,..,,..,,5.5,,..,,..,,..,,..,,..,,..,,..,,..,,..,,..,,37.5,,..,,..,,..,,..,,..,,..,,..,,..,,..,,..,,0.021,,..,,..,,..,,..,,..,,..,,..,,..,,..,,..,,..,
Tajikistan,..,,..,,..,,..,,..,,..,,..,,..,,..,,..,,17.1,,..,,..,,..,,..,,..,,..,,..,,..,,..,,..,,40.0,,..,,..,,..,,..,,..,,..,,..,,..,,..,,..,,0.068,,..,,..,,..,,..,,..,,..,,..,,..,,..,,..,,..,
Tanzania (United Republic of),..,,..,,..,,..,,..,,..,,..,,..,,..,,..,,65.2,,..,,..,,..,,..,,..,,..,,..,,..,,..,,..,,56.3,,..,,..,,..,,..,,..,,..,,..,,..,,..,,..,,0.367,,..,,..,,..,,..,,88.5,,..,,..,,67.9,,..,,..,,..,
Thailand,..,,..,,..,,..,,..,,..,,..,,..,,..,,..,,1.6,,..,,..,,..,,..,,..,,..,,..,,..,,..,,..,,38.5,,..,,..,,..,,..,,..,,..,,..,,..,,..,,..,,0.006,,..,,..,,..,,..,,1.4,,..,,..,,..,,..,,10.8,,..,
The former Yugoslav Republic of Macedonia,..,,..,,..,,..,,..,,..,,..,,..,,..,,..,,1.9,,..,,..,,..,,..,,..,,..,,..,,..,,..,,..,,40.9,,..,,..,,..,,..,,..,,..,,..,,..,,..,,..,,0.008,,..,,..,,..,,..,,2.9,,..,,..,,..,,0.3,,..,,..,
Timor-Leste,..,,..,,..,,..,,..,,..,,..,,..,,..,,..,,68.1,,..,,..,,..,,..,,..,,..,,..,,..,,..,,..,,52.9,,..,,..,,..,,..,,..,,..,,..,,..,,..,,..,,0.360,,..,,..,,..,,..,,..,,..,,..,,37.4,,..,,..,,..,
Togo,..,,..,,..,,..,,..,,..,,..,,..,,..,,..,,54.3,,..,,..,,..,,..,,..,,..,,..,,..,,..,,..,,52.4,,..,,..,,..,,..,,..,,..,,..,,..,,..,,..,,0.284,,..,,..,,..,,..,,..,,..,,38.7,,..,,..,,..,,..,
Tonga,..,,..,,..,,..,,..,,..,,..,,..,,..,,..,,..,,..,,..,,..,,..,,..,,..,,..,,..,,..,,..,,..,,..,,..,,..,,..,,..,,..,,..,,..,,..,,..,,..,,..,,..,,..,,..,,..,,..,,..,,..,,..,,..,,..,
Trinidad and Tobago,..,,..,,..,,..,,..,,..,,..,,..,,..,,..,,5.6,,..,,..,,..,,..,,..,,..,,..,,..,,..,,..,,35.1,,..,,..,,..,,..,,..,,..,,..,,..,,..,,..,,0.020,,..,,..,,..,,..,,..,,..,,..,,..,,..,,..,,..,
Tunisia,..,,..,,..,,..,,..,,..,,..,,..,,..,,..,,2.8,,..,,..,,..,,..,,..,,..,,..,,..,,..,,..,,37.1,,..,,..,,..,,..,,..,,..,,..,,..,,..,,..,,0.010,,..,,8.7,,5.9,,6.5,,2.6,,..,,..,,..,,..,,..,,..,
Turkey,..,,..,,..,,..,,..,,..,,..,,..,,..,,..,,6.6,,..,,..,,..,,..,,..,,..,,..,,..,,..,,..,,42.0,,..,,..,,..,,..,,..,,..,,..,,..,,..,,..,,0.028,,..,,..,,..,,..,,..,,2.7,,..,,..,,..,,..,,..,
Turkmenistan,..,,..,,..,,..,,..,,..,,..,,..,,..,,..,,..,,..,,..,,..,,..,,..,,..,,..,,..,,..,,..,,..,,..,,..,,..,,..,,..,,..,,..,,..,,..,,..,,..,,..,,..,,..,,..,,..,,..,,..,,..,,..,,..,,..,
Tuvalu,..,,..,,..,,..,,..,,..,,..,,..,,..,,..,,..,,..,,..,,..,,..,,..,,..,,..,,..,,..,,..,,..,,..,,..,,..,,..,,..,,..,,..,,..,,..,,..,,..,,..,,..,,..,,..,,..,,..,,..,,..,,..,,..,,..,
Uganda,..,,..,,..,,..,,..,,..,,..,,..,,..,,..,,72.3,,..,,..,,..,,..,,..,,..,,..,,..,,..,,..,,50.7,,..,,..,,..,,..,,..,,..,,..,,..,,..,,..,,0.367,,..,,..,,..,,..,,..,,51.5,,..,,..,,..,,28.7,,..,
Ukraine,..,,..,,..,,..,,..,,..,,..,,..,,..,,..,,2.2,,..,,..,,..,,..,,..,,..,,..,,..,,..,,..,,35.5,,..,,..,,..,,..,,..,,..,,..,,..,,..,,..,,0.008,,..,,..,,..,,..,,..,,0.1,,..,,..,,..,,..,,..,
United Arab Emirates,..,,..,,..,,..,,..,,..,,..,,..,,..,,..,,0.6,,..,,..,,..,,..,,..,,..,,..,,..,,..,,..,,35.3,,..,,..,,..,,..,,..,,..,,..,,..,,..,,..,,0.002,,..,,..,,..,,..,,..,,..,,..,,..,,..,,..,,..,
United Kingdom,..,,..,,..,,..,,..,,..,,..,,..,,..,,..,,..,,..,,..,,..,,..,,..,,..,,..,,..,,..,,..,,..,,..,,..,,..,,..,,..,,..,,..,,..,,..,,..,,..,,..,,..,,..,,..,,..,,..,,..,,..,,..,,..,,..,
United States,..,,..,,..,,..,,..,,..,,..,,..,,..,,..,,..,,..,,..,,..,,..,,..,,..,,..,,..,,..,,..,,..,,..,,..,,..,,..,,..,,..,,..,,..,,..,,..,,..,,..,,..,,..,,..,,..,,..,,..,,..,,..,,..,,..,
Uruguay,..,,..,,..,,..,,..,,..,,..,,..,,..,,..,,1.7,,..,,..,,..,,..,,..,,..,,..,,..,,..,,..,,34.7,,..,,..,,..,,..,,..,,..,,..,,..,,..,,..,,0.006,,..,,..,,..,,..,,0.3,,0.1,,0.0,,..,,..,,0.0,,..,
Uzbekistan,..,,..,,..,,..,,..,,..,,..,,..,,..,,..,,2.3,,..,,..,,..,,..,,..,,..,,..,,..,,..,,..,,36.2,,..,,..,,..,,..,,..,,..,,..,,..,,..,,..,,0.008,,..,,..,,..,,..,,..,,..,,..,,..,,..,,..,,..,
Vanuatu,..,,..,,..,,..,,..,,..,,..,,..,,..,,..,,30.1,,..,,..,,..,,..,,..,,..,,..,,..,,..,,..,,42.7,,..,,..,,..,,..,,..,,..,,..,,..,,..,,..,,0.129,,..,,..,,..,,..,,..,,..,,..,,..,,..,,..,,..,
Venezuela (Bolivarian Republic of),..,,..,,..,,..,,..,,..,,..,,..,,..,,..,,..,,..,,..,,..,,..,,..,,..,,..,,..,,..,,..,,..,,..,,..,,..,,..,,..,,..,,..,,..,,..,,..,,..,,..,,..,,..,,9.4,,..,,10.0,,3.5,,..,,..,,..,,..,
Viet Nam,..,,..,,..,,..,,..,,..,,..,,..,,..,,..,,17.7,,..,,..,,..,,..,,..,,..,,..,,..,,..,,..,,47.2,,..,,..,,..,,..,,..,,..,,..,,..,,..,,..,,0.084,,..,,..,,..,,..,,..,,..,,21.3,,..,,13.1,,..,,..,
Yemen,..,,..,,..,,..,,..,,..,,..,,..,,..,,..,,52.5,,..,,..,,..,,..,,..,,..,,..,,..,,..,,..,,53.9,,..,,..,,..,,..,,..,,..,,..,,..,,..,,..,,0.283,,..,,..,,..,,..,,..,,17.5,,..,,..,,..,,..,,..,
Zambia,..,,..,,..,,..,,..,,..,,..,,..,,..,,..,,64.2,,..,,..,,..,,..,,..,,..,,..,,..,,..,,..,,51.2,,..,,..,,..,,..,,..,,..,,..,,..,,..,,..,,0.328,,..,,..,,..,,..,,..,,..,,..,,..,,..,,..,,..,
Zimbabwe,..,,..,,..,,..,,..,,..,,..,,..,,..,,..,,39.7,,..,,..,,..,,..,,..,,..,,..,,..,,..,,..,,45.3,,..,,..,,..,,..,,..,,..,,..,,..,,..,,..,,0.180,,..,,..,,..,,..,,..,,..,,..,,..,,..,,..,,..,
,,,,,,,,,,,,,,,,,,,,,,,,,,,,,,,,,,,,,,,,,,,,,,,,,,,,,,,,,,,,,,,,,,,,,,,,,,,,,,,,,,,,,,,,
Footnotes,,,,,,,,,,,,,,,,,,,,,,,,,,,,,,,,,,,,,,,,,,,,,,,,,,,,,,,,,,,,,,,,,,,,,,,,,,,,,,,,,,,,,,,,
a. Published in 2011 using data from 2000-2010.,,,,,,,,,,,,,,,,,,,,,,,,,,,,,,,,,,,,,,,,,,,,,,,,,,,,,,,,,,,,,,,,,,,,,,,,,,,,,,,,,,,,,,,,
,,,,,,,,,,,,,,,,,,,,,,,,,,,,,,,,,,,,,,,,,,,,,,,,,,,,,,,,,,,,,,,,,,,,,,,,,,,,,,,,,,,,,,,,
Sources,,,,,,,,,,,,,,,,,,,,,,,,,,,,,,,,,,,,,,,,,,,,,,,,,,,,,,,,,,,,,,,,,,,,,,,,,,,,,,,,,,,,,,,,
"Columns 1-22: Calculated based on data on household deprivations in education, health and living standards from various household surveys as listed in Column 1.",,,,,,,,,,,,,,,,,,,,,,,,,,,,,,,,,,,,,,,,,,,,,,,,,,,,,,,,,,,,,,,,,,,,,,,,,,,,,,,,,,,,,,,,
"Columns 23-33: Calculated from various household surveys, including ICF Macro Demographic and Health Surveys, United Nations Children's Fund Multiple Indicator Cluster Surveys and World Health Organization World Health Surveys conducted between 2000 and 2010.",,,,,,,,,,,,,,,,,,,,,,,,,,,,,,,,,,,,,,,,,,,,,,,,,,,,,,,,,,,,,,,,,,,,,,,,,,,,,,,,,,,,,,,,
Columns 34-44: World Bank (2011a).,,,,,,,,,,,,,,,,,,,,,,,,,,,,,,,,,,,,,,,,,,,,,,,,,,,,,,,,,,,,,,,,,,,,,,,,,,,,,,,,,,,,,,,,
